TERRITOIRE,DISTRIBUTEURS
Abengourou,RIZKALLAH MICHEL
Abobo 1,ETABLISSEMENT NIARE & FRERES
Abobo 2,A POURVOIR
Aboisso,NICE SERVICE
Adjame,BOUSSOURA SARL
Adzope,A POURVOIR
Agboville,A POURVOIR
Anyama,A POURVOIR
Bassam,OMNI RETAIL
Bingerville,DYNAMIS
Bondoukou,TAHIROU
Bouake 1,SODIAMA
Bouake 2,IVOIRE DISTRIBUTION MARCHANDISES C.I
Bouna,ABDI MOHAMED
Cocody 1,PLAISIR BACHUSS
Cocody 2,PRODISMA
Dabou,NOT AVAILABLE
Daloa,BON MARCHE
Dimbokro,NOT AVAILABLE
Divo,RIDACOM
Divo,RIDACOM
Ferke,ESF KORHOGO
Gagnoa 1,SOMALI-CI
Gagnoa 2,SOCOCE INTERIEUR
Guiglo 1,ETABLISSEMENT EL VALAH SARL
Guiglo 2,SODISMAF
Katiola,IDMCI
Korhogo,ESF KORHOGO
koumassi,NOT AVAILABLE
Man,ALI BABA CI
Mankono,KAZA DISTRIBUTION
Marcory,SIDECOM
Odienne,BALDE IBRAHIMA
Plateau,BOUSSOURA SARL
Port bouet,SDTP
Port bouet,SDHPA
San Pedro,ETABLISSEMENT LEMRABOTT & FRÈRES
Soubre,SOCOCE INTERIEUR
Treichville,SIDECOM
Yamoussoukro,UP GROUND SALES & MARKETING
Yopougon 1,SODICOM-CI
Yopougon 2,SODICOM-CI
Yopougon 3,NOUVEAUX DISTRIBUTEURS ASSOCIES
Yopougon 4,NOUVEAUX DISTRIBUTEURS ASSOCIES
Tous les territoires,PROSUMA CASH PORT
Tous les territoires,COMPAGNIE DE DISTRIBUTION (C.D.C.I)
Tous les territoires,KADERIM SA
Tous les territoires,SOCOCE COTE D'IVOIRE SA
Tous les territoires,SOCOPRIX
Tous les territoires,ADIALEA RCI
Tous les territoires,PROSUMA DIVISION CENTRALE
Tous les territoires,COTE D'IVOIRE SUPERMARCHES
Tous les territoires,CIVADIS
Tous les territoires,Societe des 2 Plateaux - S.2.P
