FC PH Master Data,COUNTRY CODE,COUNTRY NAME,REGION CODE,EQUIVALENCE,REGION NAME,SUB REGION,EQUIVALENCE,SUB REGION NAME,TERRITORY CODE,TERRITORY NAME,AREA CODE,AREA NAME,dist
,CI1,Cote d'Ivoire,SOUTHDIV,ABIDJAN,SOUTH DIVISION,SOUTH1,ABIDJAN 1,SOUTH 1 REGION,BIN,Bingerville,NVEG,NOUVEAU GOUDRON/ FEH KESSE/ CITE SIR/ AKANDJE/ LAURIER 15/SANTE,DYNAMYS
,CI1,Cote d'Ivoire,SOUTHDIV,ABIDJAN,SOUTH DIVISION,SOUTH1,ABIDJAN 1,SOUTH 1 REGION,BIN,Bingerville,BLAN,BLANCHON/PALMERAIE BINGERVILLE/ADJAME BINGERVILLE/ BREGBO/AKOUAI SANTE/AMAN/,DYNAMYS
,CI1,Cote d'Ivoire,SOUTHDIV,ABIDJAN,SOUTH DIVISION,SOUTH1,ABIDJAN 1,SOUTH 1 REGION,BIN,Bingerville,BCIE,BASE CIE/ KOROCOBOUGOU/GBAGBA/BERLIN/SAVANE/MACHOU/SICOGI/MACHOUX/MARCHE/,DYNAMYS
,CI1,Cote d'Ivoire,SOUTHDIV,ABIDJAN,SOUTH DIVISION,SOUTH1,ABIDJAN 1,SOUTH 1 REGION,BIN,Bingerville,ABAT,ABATTA/ABATTA VILLAGE/JULES VERNE/CITE DU PORT,DYNAMYS
,CI1,Cote d'Ivoire,SOUTHDIV,ABIDJAN,SOUTH DIVISION,SOUTH1,ABIDJAN 1,SOUTH 1 REGION,BIN,Bingerville,BING,TOUT BINGERVILLE,DYNAMYS
,CI1,Cote d'Ivoire,SOUTHDIV,ABIDJAN,SOUTH DIVISION,SOUTH1,ABIDJAN 1,SOUTH 1 REGION,COC 1,Cocody 1,LCET,LYCEE TECHNIQUE/VALLON/COLOMBIE,PRODISMA
,CI1,Cote d'Ivoire,SOUTHDIV,ABIDJAN,SOUTH DIVISION,SOUTH1,ABIDJAN 1,SOUTH 1 REGION,COC 1,Cocody 1,MAHO,MAHOU COLOMBIE,PRODISMA
,CI1,Cote d'Ivoire,SOUTHDIV,ABIDJAN,SOUTH DIVISION,SOUTH1,ABIDJAN 1,SOUTH 1 REGION,COC 1,Cocody 1,PERL,PERLE/MAHOU/ANGRE,PRODISMA
,CI1,Cote d'Ivoire,SOUTHDIV,ABIDJAN,SOUTH DIVISION,SOUTH1,ABIDJAN 1,SOUTH 1 REGION,COC 1,Cocody 1,PALM,PALMERAIE/ATTOBAN /BONOUMIN,PRODISMA
,CI1,Cote d'Ivoire,SOUTHDIV,ABIDJAN,SOUTH DIVISION,SOUTH1,ABIDJAN 1,SOUTH 1 REGION,COC 1,Cocody 1,PALM2,PALMERAIE2 COCOVICO,PRODISMA
,CI1,Cote d'Ivoire,SOUTHDIV,ABIDJAN,SOUTH DIVISION,SOUTH1,ABIDJAN 1,SOUTH 1 REGION,COC 1,Cocody 1,ANGR,ANGRE 2PLATEAUX 7 TRANCHE,PRODISMA
,CI1,Cote d'Ivoire,SOUTHDIV,ABIDJAN,SOUTH DIVISION,SOUTH1,ABIDJAN 1,SOUTH 1 REGION,COC 1,Cocody 1,DJOR,BESSIKOI/DJOROBITE,PRODISMA
,CI1,Cote d'Ivoire,SOUTHDIV,ABIDJAN,SOUTH DIVISION,SOUTH1,ABIDJAN 1,SOUTH 1 REGION,COC 2,Cocody 2,DNGA,DANGA/COCODY CENTRE/BLAUKOSS,PRODISMA
,CI1,Cote d'Ivoire,SOUTHDIV,ABIDJAN,SOUTH DIVISION,SOUTH1,ABIDJAN 1,SOUTH 1 REGION,COC 2,Cocody 2,BLKH,BLAUKOSS COCODY CENTRE,PRODISMA
,CI1,Cote d'Ivoire,SOUTHDIV,ABIDJAN,SOUTH DIVISION,SOUTH1,ABIDJAN 1,SOUTH 1 REGION,COC 2,Cocody 2,RVER2,RIVIERA 2/ RIVIERA 3/ GOLF,PRODISMA
,CI1,Cote d'Ivoire,SOUTHDIV,ABIDJAN,SOUTH DIVISION,SOUTH1,ABIDJAN 1,SOUTH 1 REGION,COC 2,Cocody 2,ANON,ANONO,PRODISMA
,CI1,Cote d'Ivoire,SOUTHDIV,ABIDJAN,SOUTH DIVISION,SOUTH1,ABIDJAN 1,SOUTH 1 REGION,COC 2,Cocody 2,FAYB,FAYA BON PRIX/ABATTA,PRODISMA
,CI1,Cote d'Ivoire,SOUTHDIV,ABIDJAN,SOUTH DIVISION,SOUTH1,ABIDJAN 1,SOUTH 1 REGION,COC 2,Cocody 2,CIAD,CIAD/MPOUTO/SYNACACI/FAYA (COTE ECHANGEUR),PRODISMA
,CI1,Cote d'Ivoire,SOUTHDIV,ABIDJAN,SOUTH DIVISION,SOUTH1,ABIDJAN 1,SOUTH 1 REGION,TRE,Treichville,ARAS,ARAS/ BELLEVILLE/ BIAFRA/ QUARTIER APOLLO / ZONE 3,SIDECOM
,CI1,Cote d'Ivoire,SOUTHDIV,ABIDJAN,SOUTH DIVISION,SOUTH1,ABIDJAN 1,SOUTH 1 REGION,TRE,Treichville,BIAF,ARAS/ BELLEVILLE/ BIAFRA/ QUARTIER APOLLO / ZONE 3,SIDECOM
,CI1,Cote d'Ivoire,SOUTHDIV,ABIDJAN,SOUTH DIVISION,SOUTH1,ABIDJAN 1,SOUTH 1 REGION,MAR,Marcory,RSD,RÉSIDENTIEL / CHAMPROUX / GROUPEMENT/ HIBISCUS / MASSARANA,SIDECOM
,CI1,Cote d'Ivoire,SOUTHDIV,ABIDJAN,SOUTH DIVISION,SOUTH1,ABIDJAN 1,SOUTH 1 REGION,MAR,Marcory,SICOG,SICOGI / REMBLAIS / ANOUMANBO/ SANS FIL / ZONE 4,SIDECOM
,CI1,Cote d'Ivoire,SOUTHDIV,ABIDJAN,SOUTH DIVISION,SOUTH1,ABIDJAN 1,SOUTH 1 REGION,MAR,Marcory,HIBI,RÉSIDENTIEL / CHAMPROUX / GRPE/ HIBISCUS / MASSARANA / SICOGI / REMBLAIS /ANOUMANBO/ SANS FIL/ ZONE4,SIDECOM
,CI1,Cote d'Ivoire,SOUTHDIV,ABIDJAN,SOUTH DIVISION,SOUTH1,ABIDJAN 1,SOUTH 1 REGION,KOU,koumassi,RBLA,REMBLAIS/MARAIS/ DIVO/ KOUMASSI 32/ TERM 05,SIDECOM
,CI1,Cote d'Ivoire,SOUTHDIV,ABIDJAN,SOUTH DIVISION,SOUTH1,ABIDJAN 1,SOUTH 1 REGION,KOU,koumassi,CTE147,CITÉ 147/ PRODOMO/SOPIM/ CAMPEMENT/SOWETO/SICOGI,SIDECOM
,CI1,Cote d'Ivoire,SOUTHDIV,ABIDJAN,SOUTH DIVISION,SOUTH1,ABIDJAN 1,SOUTH 1 REGION,KOU,koumassi,AHOU,AHOUSSABOUGOU/ 3 AMPOULES/ MARCHÉ DJE KONAN/SOLEIL/GELTI,SIDECOM
,CI1,Cote d'Ivoire,SOUTHDIV,ABIDJAN,SOUTH DIVISION,SOUTH1,ABIDJAN 1,SOUTH 1 REGION,KOU,koumassi,KMSS32,REMBLAIS/MARAIS/ DIVO/ KOUMASSI 32/ TERM 05 /3 AMPOULES / AHOUSSABOUGOU,SIDECOM
,CI1,Cote d'Ivoire,SOUTHDIV,ABIDJAN,SOUTH DIVISION,SOUTH1,ABIDJAN 1,SOUTH 1 REGION,KOU,koumassi,PRDM,CITÉ 147/ PRODOMO/SOPIM/ CAMPEMENT/SOWETO/SICOGI/ MARCHÉ DJE KONAN / SOLEIL,SIDECOM
,CI1,Cote d'Ivoire,SOUTHDIV,ABIDJAN,SOUTH DIVISION,SOUTH1,ABIDJAN 1,SOUTH 1 REGION,PRB,Port bouet,PRBC,PORT BOUET CENTRE/CITÉ POLICIÈRE/PETIT BASSAM/VRIDI,SDHPA
,CI1,Cote d'Ivoire,SOUTHDIV,ABIDJAN,SOUTH DIVISION,SOUTH1,ABIDJAN 1,SOUTH 1 REGION,PRB,Port bouet,AERO,AÉROPORT/ ADJAWUI,SDHPA
,CI1,Cote d'Ivoire,SOUTHDIV,ABIDJAN,SOUTH DIVISION,SOUTH1,ABIDJAN 1,SOUTH 1 REGION,PRB,Port bouet,JANF,JEAN FOLLY/ ADJOUFOU,SDHPA
,CI1,Cote d'Ivoire,SOUTHDIV,ABIDJAN,SOUTH DIVISION,SOUTH1,ABIDJAN 1,SOUTH 1 REGION,PRB,Port bouet,TRCA,TERRE ROUGE/CORRIDOR/ANANI,SDHPA
,CI1,Cote d'Ivoire,SOUTHDIV,ABIDJAN,SOUTH DIVISION,SOUTH1,ABIDJAN 1,SOUTH 1 REGION,PRB,Port bouet,PRBO,PORT BOUET,SDHPA
,CI1,Cote d'Ivoire,SOUTHDIV,ABIDJAN,SOUTH DIVISION,SOUTH1,ABIDJAN 1,SOUTH 1 REGION,BAS,Bassam,MOKE,MOCKEYVILLE/UNIVERSITÉ AMÉRICAINE/ EDOUKOU MIEZAN/QUARTIER ARTISANAL/MODESTE/ANANI/MOOSOU 1,LKA SERVICES
,CI1,Cote d'Ivoire,SOUTHDIV,ABIDJAN,SOUTH DIVISION,SOUTH1,ABIDJAN 1,SOUTH 1 REGION,BAS,Bassam,VETO,VETOCO/MOOSOU2/IMPERIAL/DOS/QUARTIER FRANCE/DIOULABOUGOU/AZURETI,LKA SERVICES
,CI1,Cote d'Ivoire,SOUTHDIV,ABIDJAN,SOUTH DIVISION,SOUTH1,ABIDJAN 1,SOUTH 1 REGION,BAS,Bassam,ANAN,ANANI/DOS/ DIOULABOUGO/PETIT MARCHÉ,LKA SERVICES
,CI1,Cote d'Ivoire,SOUTHDIV,ABIDJAN,SOUTH DIVISION,SOUTH1,ABIDJAN 1,SOUTH 1 REGION,BAS,Bassam,8KLO,8 KILOS/ YAOU/CENTRE VILLE/BEGNERI/SAMO/ASSINIE,LKA SERVICES
,CI1,Cote d'Ivoire,SOUTHDIV,ABIDJAN,SOUTH DIVISION,SOUTH1,ABIDJAN 1,SOUTH 1 REGION,BAS,Bassam,YAOU,8 KILOS/ YAOU/CENTRE VILLE/BEGNERI/SAMO/ASSINIE,LKA SERVICES
,CI1,Cote d'Ivoire,SOUTHDIV,ABIDJAN,SOUTH DIVISION,SOUTH1,ABIDJAN 1,SOUTH 1 REGION,BAS,Bassam,CTREV,8 KILOS/ YAOU/CENTRE VILLE/BEGNERI,LKA SERVICES
,CI1,Cote d'Ivoire,SOUTHDIV,ABIDJAN,SOUTH DIVISION,SOUTH1,ABIDJAN 1,SOUTH 1 REGION,ABO,Aboisso,DJELI,DJELIBA /TP/ PARCERELLE/KONAN KAN/BOIS BLANC/ AYEBO/ADAOU,LKA SERVICES
,CI1,Cote d'Ivoire,SOUTHDIV,ABIDJAN,SOUTH DIVISION,SOUTH1,ABIDJAN 1,SOUTH 1 REGION,ABO,Aboisso,DIATEK,DIATEKRO/SOKORA/CCE/WATTVILLE/BELLEVILLE/SOS/DOSOBAH/CITÉ KOUMI/LYCÉE/ KRINDJABO/KOLAIWA/SANHOUMAN,LKA SERVICES
,CI1,Cote d'Ivoire,SOUTHDIV,ABIDJAN,SOUTH DIVISION,SOUTH1,ABIDJAN 1,SOUTH 1 REGION,ABO,Aboisso,AYME,AYAMÉ/EBIKRA/AKRESIE/N’ZIKRO/BABADOUGOU/EBOUÉ/ABY/ADJOUAN/MOYASSUÉ/AKAKRO/  V1/V2/KRINDJABO/KASSIKRO,LKA SERVICES
,CI1,Cote d'Ivoire,SOUTHDIV,ABIDJAN,SOUTH DIVISION,SOUTH1,ABIDJAN 1,SOUTH 1 REGION,ABO,Aboisso,ADKE,ADIAKÉ/ABOISSO/AYAMÉ/ KRINDJABO/ NOÉ/ ASSE/SOUMIÉ/N'ZIKRO/ KOFFIKRO/BABADOUGOU/ CARF AHENOUA/ADAOU,LKA SERVICES
,CI1,Cote d'Ivoire,SOUTHDIV,ABIDJAN,SOUTH DIVISION,SOUTH1,ABIDJAN 1,SOUTH 1 REGION,PLA,Plateau,AGBA,AGBAN VILLAGE / CITE FERMONT / ATTECOUBE CENTRE / PLATEAU CENTRE / MARCHE DE FRUIT,BOUSSOURA SARL
,CI1,Cote d'Ivoire,SOUTHDIV,ABIDJAN,SOUTH DIVISION,SOUTH1,ABIDJAN 1,SOUTH 1 REGION,PLA,Plateau,CTEFER,AGBAN VILLAGE / CITE FERMONT / ATTECOUBE CENTRE / PLATEAU CENTRE / MARCHE DE FRUIT,BOUSSOURA SARL
,CI1,Cote d'Ivoire,SOUTHDIV,ABIDJAN,SOUTH DIVISION,SOUTH2,ABIDJAN 2,SOUTH 2 REGION,YOP 1,Yopougon 1,ATTC,YOPOUGON 1 & 2,SODICOM-CI
,CI1,Cote d'Ivoire,SOUTHDIV,ABIDJAN,SOUTH DIVISION,SOUTH2,ABIDJAN 2,SOUTH 2 REGION,YOP 1,Yopougon 1,WASS,WASSAKARA /  SELMER / SICOGI,SODICOM-CI
,CI1,Cote d'Ivoire,SOUTHDIV,ABIDJAN,SOUTH DIVISION,SOUTH2,ABIDJAN 2,SOUTH 2 REGION,YOP 1,Yopougon 1,SELM,WASSAKARA /  SELMER / SICOGI,SODICOM-CI
,CI1,Cote d'Ivoire,SOUTHDIV,ABIDJAN,SOUTH DIVISION,SOUTH2,ABIDJAN 2,SOUTH 2 REGION,YOP 1,Yopougon 1,SBLE,YOPOUGON SABLE / MILLIONNAIRE / NOUVEAU QUARTIER,SODICOM-CI
,CI1,Cote d'Ivoire,SOUTHDIV,ABIDJAN,SOUTH DIVISION,SOUTH2,ABIDJAN 2,SOUTH 2 REGION,YOP 1,Yopougon 1,MILLI,YOPOUGON SABLE / MILLIONNAIRE / NOUVEAU QUARTIER,SODICOM-CI
,CI1,Cote d'Ivoire,SOUTHDIV,ABIDJAN,SOUTH DIVISION,SOUTH2,ABIDJAN 2,SOUTH 2 REGION,YOP 1,Yopougon 1,NGON,NIANGON NORD / SIDECI,SODICOM-CI
,CI1,Cote d'Ivoire,SOUTHDIV,ABIDJAN,SOUTH DIVISION,SOUTH2,ABIDJAN 2,SOUTH 2 REGION,YOP 1,Yopougon 1,TOROU,TOIT ROUGE / LOKODJRO / ATTECOUBE MOSSIKRO,SODICOM-CI
,CI1,Cote d'Ivoire,SOUTHDIV,ABIDJAN,SOUTH DIVISION,SOUTH2,ABIDJAN 2,SOUTH 2 REGION,YOP 1,Yopougon 1,LKOD,TOIT ROUGE / LOKODJRO / ATTECOUBE MOSSIKRO,SODICOM-CI
,CI1,Cote d'Ivoire,SOUTHDIV,ABIDJAN,SOUTH DIVISION,SOUTH2,ABIDJAN 2,SOUTH 2 REGION,YOP 2,Yopougon 2,NGOS,NIANGON SUD / AZITO,SODICOM-CI
,CI1,Cote d'Ivoire,SOUTHDIV,ABIDJAN,SOUTH DIVISION,SOUTH2,ABIDJAN 2,SOUTH 2 REGION,YOP 2,Yopougon 2,AZTO,NIANGON SUD/ AZITO,SODICOM-CI
,CI1,Cote d'Ivoire,SOUTHDIV,ABIDJAN,SOUTH DIVISION,SOUTH2,ABIDJAN 2,SOUTH 2 REGION,YOP 2,Yopougon 2,KTE,KOUTÉ/ PETIT TOIT ROUGE/ BÉAGO,SODICOM-CI
,CI1,Cote d'Ivoire,SOUTHDIV,ABIDJAN,SOUTH DIVISION,SOUTH2,ABIDJAN 2,SOUTH 2 REGION,YOP 2,Yopougon 2,BEAG,KOUTÉ/ PETIT TOIT ROUGE/ BÉAGO,SODICOM-CI
,CI1,Cote d'Ivoire,SOUTHDIV,ABIDJAN,SOUTH DIVISION,SOUTH2,ABIDJAN 2,SOUTH 2 REGION,YOP 2,Yopougon 2,KWEI,KOWEIT/ SANTÉ/ ABOBO DOUMÉ/ AGBAYATÉ,SODICOM-CI
,CI1,Cote d'Ivoire,SOUTHDIV,ABIDJAN,SOUTH DIVISION,SOUTH2,ABIDJAN 2,SOUTH 2 REGION,YOP 2,Yopougon 2,YOPS,KOWEIT/ YOPOUGON SANTÉ/ ABOBO DOUMÉ/ AGBAYATÉ,SODICOM-CI
,CI1,Cote d'Ivoire,SOUTHDIV,ABIDJAN,SOUTH DIVISION,SOUTH2,ABIDJAN 2,SOUTH 2 REGION,YOP 3,Yopougon 3,ADKOI,ANDOKOI/ UNIWAX/CRF ZONE /PRISON CIVILE/SODEFOR  ET CITÉ ADO,NOUVEAUX DISTRIBUTEURS ASSOCIES
,CI1,Cote d'Ivoire,SOUTHDIV,ABIDJAN,SOUTH DIVISION,SOUTH2,ABIDJAN 2,SOUTH 2 REGION,YOP 3,Yopougon 3,ZNEIND,ZONE INDUSTRIELLE/ MICAO/GESCO FOURRIÈRE/ PK22/SIKENSI/ATTINGUÉ,NOUVEAUX DISTRIBUTEURS ASSOCIES
,CI1,Cote d'Ivoire,SOUTHDIV,ABIDJAN,SOUTH DIVISION,SOUTH2,ABIDJAN 2,SOUTH 2 REGION,YOP 3,Yopougon 3,MCAO,ANDOKOI/ UNIWAX/ ZONE INDUSTRIELLE/ MICAO GESCO FOURRIÈRE/PRISON CIVILE/ SODEFOR/CITÉ ADO......,NOUVEAUX DISTRIBUTEURS ASSOCIES
,CI1,Cote d'Ivoire,SOUTHDIV,ABIDJAN,SOUTH DIVISION,SOUTH2,ABIDJAN 2,SOUTH 2 REGION,YOP 3,Yopougon 3,GSCO,ANDOKOI/UNIWAX/ ZONE INDUSTRIELLE/ MICAO/ GESCO FOURRIÈRE/ PRISON CIVILE/ SODEFOR ET CITÉ ADO....,NOUVEAUX DISTRIBUTEURS ASSOCIES
,CI1,Cote d'Ivoire,SOUTHDIV,ABIDJAN,SOUTH DIVISION,SOUTH2,ABIDJAN 2,SOUTH 2 REGION,YOP 3,Yopougon 3,SPOREXBANCO2/ ABOULAYE DIALLO/ ANANE,SIPOREX/ BANCO2/ ABOULAYE DIALLO/ ANANERAIE/ MAMIE ADJOUA/PORT BOUET 2/CRF CHU/MOSQUÉE KOUDOUS,NOUVEAUX DISTRIBUTEURS ASSOCIES
,CI1,Cote d'Ivoire,SOUTHDIV,ABIDJAN,SOUTH DIVISION,SOUTH2,ABIDJAN 2,SOUTH 2 REGION,YOP 3,Yopougon 3,PRTBOU,PORT BOUET 2/CRF CHU/MOSQUÉE KOUDOUS/ ANANERAIE/ FUSCOM PORT BOUET 2/RD POINT GESCO,NOUVEAUX DISTRIBUTEURS ASSOCIES
,CI1,Cote d'Ivoire,SOUTHDIV,ABIDJAN,SOUTH DIVISION,SOUTH2,ABIDJAN 2,SOUTH 2 REGION,YOP 3,Yopougon 3,AANERAIEANANERAI,ANANERAIE/ GESCO RD POINT/ BATIM/MAMIE ADJOUA,NOUVEAUX DISTRIBUTEURS ASSOCIES
,CI1,Cote d'Ivoire,SOUTHDIV,ABIDJAN,SOUTH DIVISION,SOUTH2,ABIDJAN 2,SOUTH 2 REGION,YOP 4,Yopougon 4,LBAFRIQUEJATARK,LUBAFRIQUE/ JATARK/ LOKOA/CITÉ VERTE/BAGNON/ LIÈVRE ROUGE/KM17/BIMBRESSO/,NOUVEAUX DISTRIBUTEURS ASSOCIES
,CI1,Cote d'Ivoire,SOUTHDIV,ABIDJAN,SOUTH DIVISION,SOUTH2,ABIDJAN 2,SOUTH 2 REGION,YOP 4,Yopougon 4,CNEO,MATY/CANARI /ANTENNE/ SICOGI ATTIÉ/NIANGON À DROITE/ NIANGON CONTINUE/ CITÉ EECI,NOUVEAUX DISTRIBUTEURS ASSOCIES
,CI1,Cote d'Ivoire,SOUTHDIV,ABIDJAN,SOUTH DIVISION,SOUTH2,ABIDJAN 2,SOUTH 2 REGION,YOP 4,Yopougon 4,KBIM,KM17/BIMBRESSO/  ́JATARK/LOKOA CITÉ VERTE/ LIÈVRE ROUGE,NOUVEAUX DISTRIBUTEURS ASSOCIES
,CI1,Cote d'Ivoire,SOUTHDIV,ABIDJAN,SOUTH DIVISION,SOUTH2,ABIDJAN 2,SOUTH 2 REGION,YOP 4,Yopougon 4,DCCO,SICOGI ATTIÉ/ST ANDRÉ CÔTÉ DROIT/ PMI/AIMÉ CESAIRE/BON PRIX/ CRF BOBY & POLICIER CÔTÉ DROIT/BAR ECLA,NOUVEAUX DISTRIBUTEURS ASSOCIES
,CI1,Cote d'Ivoire,SOUTHDIV,ABIDJAN,SOUTH DIVISION,SOUTH2,ABIDJAN 2,SOUTH 2 REGION,YOP 4,Yopougon 4,TRMINUSNUS,TERMINUS 47 SECTEUR DROIT/ SICOGI PMI/ TIKEN DJA/BMW/KIMI,NOUVEAUX DISTRIBUTEURS ASSOCIES
,CI1,Cote d'Ivoire,SOUTHDIV,ABIDJAN,SOUTH DIVISION,SOUTH2,ABIDJAN 2,SOUTH 2 REGION,YOP 4,Yopougon 4,AADÉMIEMIE,ACADÉMIE/ FIN GOUDRON/ PAYS BAS/CAISTAB/CITÉ LAURIER/ CITÉ VERTE,NOUVEAUX DISTRIBUTEURS ASSOCIES
,CI1,Cote d'Ivoire,SOUTHDIV,ABIDJAN,SOUTH DIVISION,SOUTH2,ABIDJAN 2,SOUTH 2 REGION,YOP 4,Yopougon 4,MROCAN,MAROC/ANANERAIE/ PORT BOUET 2/LUBAFRIQUE/ NIANGON À DROITE /TEXACO À DROITE,NOUVEAUX DISTRIBUTEURS ASSOCIES
,CI1,Cote d'Ivoire,SOUTHDIV,ABIDJAN,SOUTH DIVISION,SOUTH2,ABIDJAN 2,SOUTH 2 REGION,DAB,Dabou,SNGONN,SONGON/N’DJEM/ CARREFOUR JACQUESVILLE/JACQUESVILLE VILLE/ DABOU/N’ZEKREZESSOU....,NOUVEAUX DISTRIBUTEURS ASSOCIES
,CI1,Cote d'Ivoire,SOUTHDIV,ABIDJAN,SOUTH DIVISION,SOUTH2,ABIDJAN 2,SOUTH 2 REGION,DAB,Dabou,GANDLA,GRAND LAHOU/CRF GRAND LAHOU/CRF FRESCO/FRESCO VILLE ET PÉRIPHÉRIES,NOUVEAUX DISTRIBUTEURS ASSOCIES
,CI1,Cote d'Ivoire,SOUTHDIV,ABIDJAN,SOUTH DIVISION,SOUTH2,ABIDJAN 2,SOUTH 2 REGION,DAB,Dabou,DBOUVI,DABOU VILLE/ SONGON/ CARREFOUR JACQUESVILLE....,NOUVEAUX DISTRIBUTEURS ASSOCIES
,CI1,Cote d'Ivoire,SOUTHDIV,ABIDJAN,SOUTH DIVISION,SOUTH2,ABIDJAN 2,SOUTH 2 REGION,DAB,Dabou,SNGON,SONGON/ CARREFOUR JACQUESVILLE/ JACQUESVILLE/ DABOU/GRAND LAHOU/FRESCO/,NOUVEAUX DISTRIBUTEURS ASSOCIES
,CI1,Cote d'Ivoire,SOUTHDIV,ABIDJAN,SOUTH DIVISION,SOUTH2,ABIDJAN 2,SOUTH 2 REGION,ABO 1,Abobo 1,DKUI,DOKUI / ANADOR / COCO SERVICE DERRIÈRE UNIVERSITÉ ABOBO/ADJAMÉ / ALEPE,ETABLISSEMENT NIARE & FRERES
,CI1,Cote d'Ivoire,SOUTHDIV,ABIDJAN,SOUTH DIVISION,SOUTH2,ABIDJAN 2,SOUTH 2 REGION,ABO 1,Abobo 1,AOCATIERAVOCATIE,AVOCATIER / BC AUTOUTE / NOUVELLE GARE / AGNISSANKOI / BC,ETABLISSEMENT NIARE & FRERES
,CI1,Cote d'Ivoire,SOUTHDIV,ABIDJAN,SOUTH DIVISION,SOUTH2,ABIDJAN 2,SOUTH 2 REGION,ABO 1,Abobo 1,SMANKEKE,SAMANKE / KOLETCHA / ABOBO BAOULE / BIABOU,ETABLISSEMENT NIARE & FRERES
,CI1,Cote d'Ivoire,SOUTHDIV,ABIDJAN,SOUTH DIVISION,SOUTH2,ABIDJAN 2,SOUTH 2 REGION,ABO 1,Abobo 1,AEIKOIOI,AKEIKOI  / HABITAT  / AGBEKOI /  HOUPHOUT BOIGNY,ETABLISSEMENT NIARE & FRERES
,CI1,Cote d'Ivoire,SOUTHDIV,ABIDJAN,SOUTH DIVISION,SOUTH2,ABIDJAN 2,SOUTH 2 REGION,ABO 1,Abobo 1,LCEEMO,LYCEE MODERNE / ETOILE / GENDARMERIE / BON PRIX GENDARMERIE / CHATTONS,ETABLISSEMENT NIARE & FRERES
,CI1,Cote d'Ivoire,SOUTHDIV,ABIDJAN,SOUTH DIVISION,SOUTH2,ABIDJAN 2,SOUTH 2 REGION,ABO 1,Abobo 1,CTEPOL,CITE POLICIERE / CAMP COMMANDO / CNPS / AVENUE KAZA / COLATIER,ETABLISSEMENT NIARE & FRERES
,CI1,Cote d'Ivoire,SOUTHDIV,ABIDJAN,SOUTH DIVISION,SOUTH2,ABIDJAN 2,SOUTH 2 REGION,ABO 1,Abobo 1,AOBOGA,ABOBO GARE  / MAIRIE,ETABLISSEMENT NIARE & FRERES
,CI1,Cote d'Ivoire,SOUTHDIV,ABIDJAN,SOUTH DIVISION,SOUTH2,ABIDJAN 2,SOUTH 2 REGION,ABO 2,Abobo 2,MSQUEB,MOSQUE BLANCHE/ANOKOUA KOUTE/MARAHOUE/AGRIPAC,LKA SERVICES
,CI1,Cote d'Ivoire,SOUTHDIV,ABIDJAN,SOUTH DIVISION,SOUTH2,ABIDJAN 2,SOUTH 2 REGION,ABO 2,Abobo 2,MSQUEB,MOSQUE BLANCHE/ANOKOUA KOUTE/MARAHOUE/AGRIPAC,LKA SERVICES
,CI1,Cote d'Ivoire,SOUTHDIV,ABIDJAN,SOUTH DIVISION,SOUTH2,ABIDJAN 2,SOUTH 2 REGION,ABO 2,Abobo 2,SDECIO,SODECI/ONUCI/SOTRAPIM/CARREFOUR DIALLO/TAXI BAGAGE,LKA SERVICES
,CI1,Cote d'Ivoire,SOUTHDIV,ABIDJAN,SOUTH DIVISION,SOUTH2,ABIDJAN 2,SOUTH 2 REGION,ABO 2,Abobo 2,SDECIO,SODECI/ONUCI/SOTRAPIM/CARREFOUR DIALLO/TAXI BAGAGE,LKA SERVICES
,CI1,Cote d'Ivoire,SOUTHDIV,ABIDJAN,SOUTH DIVISION,SOUTH2,ABIDJAN 2,SOUTH 2 REGION,ABO 2,Abobo 2,CACOCC,CMA/COCCINELLE/CONCORDE/BOIS SEC/DELICE DE FRANCE / ANCIEN MARCHE/UNICAFE/FEU ENCIENNE GENDARMERIE,LKA SERVICES
,CI1,Cote d'Ivoire,SOUTHDIV,ABIDJAN,SOUTH DIVISION,SOUTH2,ABIDJAN 2,SOUTH 2 REGION,ANY,Anyama,ACIENNE,ANCIENNE GENDARMERIE/ BELLE VILLE MORGUE/ GARE /ADZOPE/AGBOVILLE,LKA SERVICES
,CI1,Cote d'Ivoire,SOUTHDIV,ABIDJAN,SOUTH DIVISION,SOUTH2,ABIDJAN 2,SOUTH 2 REGION,ANY,Anyama,CÄTEAU,CHÄTEAU/MARCHE COLA/MARCHE D'ANYAMA/DON ORION/AZAGUIE/BILDA AZAGUIE AWA ATTINGUE,LKA SERVICES
,CI1,Cote d'Ivoire,SOUTHDIV,ABIDJAN,SOUTH DIVISION,SOUTH2,ABIDJAN 2,SOUTH 2 REGION,ANY,Anyama,AYAMAP,ANYAMA/PLAQUE ARABE/ANYAMA RESIDENTIEL/EBIMPE/,LKA SERVICES
,CI1,Cote d'Ivoire,SOUTHDIV,ABIDJAN,SOUTH DIVISION,SOUTH2,ABIDJAN 2,SOUTH 2 REGION,ANY,Anyama,CÄTEAU,CHÄTEAU/MARCHE COLA/MARCHE D'ANYAMA/DON ORION/ MACHE CHAKA KONE,LKA SERVICES
,CI1,Cote d'Ivoire,SOUTHDIV,ABIDJAN,SOUTH DIVISION,SOUTH2,ABIDJAN 2,SOUTH 2 REGION,ANY,Anyama,AEAUTO,AXE AUTOROUTE N'DOTRE/ DANDI/COMPLEXE/MAIRIE,LKA SERVICES
,CI1,Cote d'Ivoire,SOUTHDIV,ABIDJAN,SOUTH DIVISION,SOUTH2,ABIDJAN 2,SOUTH 2 REGION,ANY,Anyama,ANCGEN,ANCIENNE GENDARMERIE/ BELLE VILLE MORGUE/ GARE,LKA SERVICES
,CI1,Cote d'Ivoire,SOUTHDIV,ABIDJAN,SOUTH DIVISION,SOUTH2,ABIDJAN 2,SOUTH 2 REGION,ANY,Anyama,BNDJIN1,BANDJI/N'DOTRE EXTENSION/CELESTE/NOUVELLE CASSE / ARC EN CIEL/DANDY/KOBAKRO/TERRE ROUGE/AKWABA,LKA SERVICES
,CI1,Cote d'Ivoire,SOUTHDIV,ABIDJAN,SOUTH DIVISION,SOUTH2,ABIDJAN 2,SOUTH 2 REGION,ANY,Anyama,BNDJIN2,BANDJI/N'DOTRE EXTENSION/CELESTE/NOUVELLE CASSE / ARC EN CIEL/DANDY/KOBAKRO/TERRE ROUGE/AKWABA,LKA SERVICES
,CI1,Cote d'Ivoire,SOUTHDIV,ABIDJAN,SOUTH DIVISION,SOUTH2,ABIDJAN 2,SOUTH 2 REGION,ADJ,Adjame,20LGTSLGTS,220LGTS / LIBERTÉ / QUARTIER LATIN / BRACODI / TERRASSE/RENAULT,BOUSSOURA SARL
,CI1,Cote d'Ivoire,SOUTHDIV,ABIDJAN,SOUTH DIVISION,SOUTH2,ABIDJAN 2,SOUTH 2 REGION,ADJ,Adjame,WILLY,WILLIAMSVILLE/MACACI/ PAILLET/VIDANGE/ HMA,BOUSSOURA SARL
,CI1,Cote d'Ivoire,SOUTHDIV,ABIDJAN,SOUTH DIVISION,SOUTH2,ABIDJAN 2,SOUTH 2 REGION,ADJ,Adjame,SPEURP,SAPEUR POMPIER/ SAINT MICHEL/ QUARTIER EBRIÉ/DALLAS,BOUSSOURA SARL
,CI1,Cote d'Ivoire,SOUTHDIV,ABIDJAN,SOUTH DIVISION,SOUTH2,ABIDJAN 2,SOUTH 2 REGION,ADJ,Adjame,NNGUIA,NANGUI ABROGOUA / MARCHE GOURO / BLACK MARKET / MIRADOR / NOUVELLE GARE,BOUSSOURA SARL
,CI1,Cote d'Ivoire,SOUTHDIV,ABIDJAN,SOUTH DIVISION,SOUTH2,ABIDJAN 2,SOUTH 2 REGION,ADJ,Adjame,BRAMA,BRAMACOTÉ / DÉLÉGATION / CITÉ RAN / FORUM,BOUSSOURA SARL
,CI1,Cote d'Ivoire,SOUTHDIV,ABIDJAN,SOUTH DIVISION,SOUTH2,ABIDJAN 2,SOUTH 2 REGION,ADJ,Adjame,CNTREAD,TERRITOIRE ADJAMÉ,BOUSSOURA SARL
,CI1,Cote d'Ivoire,SOUTHDIV,ABIDJAN,SOUTH DIVISION,SOUTH2,ABIDJAN 2,SOUTH 2 REGION,ADZ,Adzope,AZOPEV,ADZOPE VILLE,Adzope
,CI1,Cote d'Ivoire,SOUTHDIV,ABIDJAN,SOUTH DIVISION,SOUTH2,ABIDJAN 2,SOUTH 2 REGION,ADZ,Adzope,AKPEVI,AKOUPE / YAKASSE ATTOBROU / ANDE / YAKASSE ME,Adzope
,CI1,Cote d'Ivoire,SOUTHDIV,ABIDJAN,SOUTH DIVISION,SOUTH2,ABIDJAN 2,SOUTH 2 REGION,AGB,Agboville,AGBVIL,AGBOVILLE VILLE / N'DOUCI / SIKENSI,Agboville
,CI1,Cote d'Ivoire,SOUTHDIV,ABIDJAN,SOUTH DIVISION,SOUTH2,ABIDJAN 2,SOUTH 2 REGION,AGB,Agboville,AZGUVIL,AZAGUIE / PETIT YAPO / GRAND YAPO / RUBINO / SECHI,Agboville
,CI1,Cote d'Ivoire,NORTHDIV,UP COUNTRY,NORTH DIVISION,CNE,NORTH 1,CENTRE-NORD -EST REGION,ABEN,Abengourou,CFETO,CAFETOUTOU/AGNIKRO/ADOUKOFFIKRO/GARE DE NIABLE /AFFALIKRO/ANGOUAKRO/DRAMANKRO/NIABLE/ADAOU/BAOULEKRO,RIZKALLAH MICHEL
,CI1,Cote d'Ivoire,NORTHDIV,UP COUNTRY,NORTH DIVISION,CNE,NORTH 1,CENTRE-NORD -EST REGION,ABEN,Abengourou,CMMER,COMMERCE/RELAIS/HKB/LOBIKRO/CAMP MILITAIRE/PLATEAU,RIZKALLAH MICHEL
,CI1,Cote d'Ivoire,NORTHDIV,UP COUNTRY,NORTH DIVISION,CNE,NORTH 1,CENTRE-NORD -EST REGION,ABEN,Abengourou,RSDT,RESIDENTIEL/120 LGMT/CHICAGO/BAOULEKRO/DIOULAKRO/GAGOU/OUELLE/GRAV D'OR/COMMERCE/KREGBE/SOSSOBOUGOU,RIZKALLAH MICHEL
,CI1,Cote d'Ivoire,NORTHDIV,UP COUNTRY,NORTH DIVISION,CNE,NORTH 1,CENTRE-NORD -EST REGION,ABEN,Abengourou,PLTEMI,ADAOU/ADOUKOFIKRO/BAOULEKRO/CAFETOU/AGNIKRO/CMP MILITAIRE/COMMERCE/DIOULAKRO/HKB/LOBKRO/PLATX/RELAIS,RIZKALLAH MICHEL
,CI1,Cote d'Ivoire,NORTHDIV,UP COUNTRY,NORTH DIVISION,CNE,NORTH 1,CENTRE-NORD -EST REGION,ABEN,Abengourou,GRELO,BONAHOUIN/ARRAH/BONGOUANOU/APRONPRON/ASSIKASSO/AGNIBILEKRO/ANDE/APKAOUSSOU/DAOUKRO/TANKESSE/ANUANSUE,RIZKALLAH MICHEL
,CI1,Cote d'Ivoire,NORTHDIV,UP COUNTRY,NORTH DIVISION,CNE,NORTH 1,CENTRE-NORD -EST REGION,YAM,Yamoussoukro,BNON,Bonon / Garango / Gobazra / Bouaflé / Zougoussou / Zambakro / Zuenoula,UP GROUND SALES & MARKETING
,CI1,Cote d'Ivoire,NORTHDIV,UP COUNTRY,NORTH DIVISION,CNE,NORTH 1,CENTRE-NORD -EST REGION,YAM,Yamoussoukro,Spim,Sopim / Makora - Belleville / Kokrenou 1 / Kokrenou 2 / Kokrenou 3 / Kokenou 4,UP GROUND SALES & MARKETING
,CI1,Cote d'Ivoire,NORTHDIV,UP COUNTRY,NORTH DIVISION,CNE,NORTH 1,CENTRE-NORD -EST REGION,YAM,Yamoussoukro,ASSAB,Assabou 1 - Djahakro - 50 & 227 logements - INPHB / Assabou 2 - 220 logements,UP GROUND SALES & MARKETING
,CI1,Cote d'Ivoire,NORTHDIV,UP COUNTRY,NORTH DIVISION,CNE,NORTH 1,CENTRE-NORD -EST REGION,YAM,Yamoussoukro,DLABOU,Dioulabougou 1 / Dioulabougou 2 / Dioulabougou 3 / Dioulabougou 4 / Dioulabougou 5/ Dioulabougou 6,UP GROUND SALES & MARKETING
,CI1,Cote d'Ivoire,NORTHDIV,UP COUNTRY,NORTH DIVISION,CNE,NORTH 1,CENTRE-NORD -EST REGION,YAM,Yamoussoukro,MROFE,Morofé / Morofé extention/ Morofé 2 / Morofé 3 -Habitat 1 / Habitat,UP GROUND SALES & MARKETING
,CI1,Cote d'Ivoire,NORTHDIV,UP COUNTRY,NORTH DIVISION,CNE,NORTH 1,CENTRE-NORD -EST REGION,DIM,Dimbokro,TMOD,Toumodi,UP GROUND SALES & MARKETING
,CI1,Cote d'Ivoire,NORTHDIV,UP COUNTRY,NORTH DIVISION,CNE,NORTH 1,CENTRE-NORD -EST REGION,DIM,Dimbokro,DMBKRV,Dimbokro ville,UP GROUND SALES & MARKETING
,CI1,Cote d'Ivoire,NORTHDIV,UP COUNTRY,NORTH DIVISION,CNE,NORTH 1,CENTRE-NORD -EST REGION,DIM,Dimbokro,BCAND,Toumodi / Dimbokro / M'batto / Bocanda,UP GROUND SALES & MARKETING
,CI1,Cote d'Ivoire,NORTHDIV,UP COUNTRY,NORTH DIVISION,CNE,NORTH 1,CENTRE-NORD -EST REGION,BKE 1,Bouake 1,SKOURA,Sokoura / Commerce / Centre Ivoire / Houphouet-Ville / Nimbo / Djamourou / Dare_Salam / Tola / Maroc,SODIAMA
,CI1,Cote d'Ivoire,NORTHDIV,UP COUNTRY,NORTH DIVISION,CNE,NORTH 1,CENTRE-NORD -EST REGION,BKE 1,Bouake 1,KOKO,Koko / Audjenekourani / Hypodrome / Beaufort / Zone / Gonvreville / Beaufort/ Habitat Gonvreville,SODIAMA
,CI1,Cote d'Ivoire,NORTHDIV,UP COUNTRY,NORTH DIVISION,CNE,NORTH 1,CENTRE-NORD -EST REGION,BKE 1,Bouake 1,ONADKH,Cmrce/Sokoura/Marche/Boniere/Bokala/Dare salam/Belle ville/Air Frce/Djanbourou/Zone/Sakasou/Tola,SODIAMA
,CI1,Cote d'Ivoire,NORTHDIV,UP COUNTRY,NORTH DIVISION,CNE,NORTH 1,CENTRE-NORD -EST REGION,BKE 1,Bouake 1,CMRCE,Commerce/Nguattakro/Ahougnansou/Houphouet ville/Broukro/Sicogi/Ndakro/Campus/Adje yaokro/Tchelekro,SODIAMA
,CI1,Cote d'Ivoire,NORTHDIV,UP COUNTRY,NORTH DIVISION,CNE,NORTH 1,CENTRE-NORD -EST REGION,BKE 1,Bouake 1,BKEVILL,Bouaké ville,SODIAMA
,CI1,Cote d'Ivoire,NORTHDIV,UP COUNTRY,NORTH DIVISION,CNE,NORTH 1,CENTRE-NORD -EST REGION,BKE 2,Bouake 2,GRDM,Grand marche / Nimbo / Kennedi / Sokoura,IVOIRE DISTRIBUTION MARCHANDISES C.I
,CI1,Cote d'Ivoire,NORTHDIV,UP COUNTRY,NORTH DIVISION,CNE,NORTH 1,CENTRE-NORD -EST REGION,BKE 2,Bouake 2,AIRFR,"Air France 1,2,3 / Corridor sud",IVOIRE DISTRIBUTION MARCHANDISES C.I
,CI1,Cote d'Ivoire,NORTHDIV,UP COUNTRY,NORTH DIVISION,CNE,NORTH 1,CENTRE-NORD -EST REGION,BKE 2,Bouake 2,DRSAL,Dares salam Djambourou / Abattoir / Laraba / Corridor Nord,IVOIRE DISTRIBUTION MARCHANDISES C.I
,CI1,Cote d'Ivoire,NORTHDIV,UP COUNTRY,NORTH DIVISION,CNE,NORTH 1,CENTRE-NORD -EST REGION,BKE 2,Bouake 2,BLLVIL,"Belle ville 1,2,3 / Campement",IVOIRE DISTRIBUTION MARCHANDISES C.I
,CI1,Cote d'Ivoire,NORTHDIV,UP COUNTRY,NORTH DIVISION,CNE,NORTH 1,CENTRE-NORD -EST REGION,KAT,Katiola,GRDMA,Grand marche / Satama Sokora / Brobo / M'bahiakro/ Niakara / Dabakala,IDMCI
,CI1,Cote d'Ivoire,NORTHDIV,UP COUNTRY,NORTH DIVISION,CNE,NORTH 1,CENTRE-NORD -EST REGION,KAT,Katiola,KTLAVIL,Katiola ville,IDMCI
,CI1,Cote d'Ivoire,NORTHDIV,UP COUNTRY,NORTH DIVISION,CNE,NORTH 1,CENTRE-NORD -EST REGION,KOR,Korhogo,REBANQ,Commerce/Boulevard Ado/Voie kafoudal/Voie de Mbengue/Tarato/Siempurgo/Boundiali/Gbon/Kouto/Tengréla,ESF KORHOGO
,CI1,Cote d'Ivoire,NORTHDIV,UP COUNTRY,NORTH DIVISION,CNE,NORTH 1,CENTRE-NORD -EST REGION,KOR,Korhogo,QATAIRF,Quartier 14/Air France/ Sinistré/Sodepra/Cite des medecins/Tiékélézo/Prémafolo/Soba/Kassirimé,ESF KORHOGO
,CI1,Cote d'Ivoire,NORTHDIV,UP COUNTRY,NORTH DIVISION,CNE,NORTH 1,CENTRE-NORD -EST REGION,KOR,Korhogo,HSSADG,Haoussadougou / Petit Paris / Soba,ESF KORHOGO
,CI1,Cote d'Ivoire,NORTHDIV,UP COUNTRY,NORTH DIVISION,CNE,NORTH 1,CENTRE-NORD -EST REGION,KOR,Korhogo,NVEQUA,Nouveau Quartier / Sossorobougou / Cocody /Klofohakaha,ESF KORHOGO
,CI1,Cote d'Ivoire,NORTHDIV,UP COUNTRY,NORTH DIVISION,CNE,NORTH 1,CENTRE-NORD -EST REGION,FER,Ferke,BNDLI,Boundiali & Environs,ESF KORHOGO
,CI1,Cote d'Ivoire,NORTHDIV,UP COUNTRY,NORTH DIVISION,CNE,NORTH 1,CENTRE-NORD -EST REGION,FER,Ferke,FRKESS,Ferkessedougou & Environs SICAF1 /SICAF2,ESF KORHOGO
,CI1,Cote d'Ivoire,NORTHDIV,UP COUNTRY,NORTH DIVISION,CNE,NORTH 1,CENTRE-NORD -EST REGION,BON,Bondoukou,BNAD,Bouna / Doropo / Tanda,TAHIROU
,CI1,Cote d'Ivoire,NORTHDIV,UP COUNTRY,NORTH DIVISION,CNE,NORTH 1,CENTRE-NORD -EST REGION,BON,Bondoukou,BNDOK1,Bondoukou 1,TAHIROU
,CI1,Cote d'Ivoire,NORTHDIV,UP COUNTRY,NORTH DIVISION,CNE,NORTH 1,CENTRE-NORD -EST REGION,BON,Bondoukou,BNDOK2,Bondoukou 2,TAHIROU
,CI1,Cote d'Ivoire,NORTHDIV,UP COUNTRY,NORTH DIVISION,WEST,NORTH 2,WEST REGION,DAL,Daloa,Lbia,Labia/Mossibougou/Texas/Huberson/ Millionnaire/Soleil/Kenedy2/Suisse/Grand marche/ORLY / Flora,BON MARCHE
,CI1,Cote d'Ivoire,NORTHDIV,UP COUNTRY,NORTH DIVISION,WEST,NORTH 2,WEST REGION,DAL,Daloa,ABTT,Abattoir/Marche Manioc/Garage/Orly plateau/Dioulabougou,BON MARCHE
,CI1,Cote d'Ivoire,NORTHDIV,UP COUNTRY,NORTH DIVISION,WEST,NORTH 2,WEST REGION,DAL,Daloa,CMERCE 1,Commerce / Kani / Mankono / Serela / Kouenahiri,BON MARCHE
,CI1,Cote d'Ivoire,NORTHDIV,UP COUNTRY,NORTH DIVISION,WEST,NORTH 2,WEST REGION,MNK,Mankono,CMERCE 2,Commerce / Kani   / Mankona,KAZA DISTRIBUTION
,CI1,Cote d'Ivoire,NORTHDIV,UP COUNTRY,NORTH DIVISION,WEST,NORTH 2,WEST REGION,MNK,Mankono,DMDE,Diomande / Traoré / Rymer / Quartier Grarge / Garage Angola / Sifie / Kouego,KAZA DISTRIBUTION
,CI1,Cote d'Ivoire,NORTHDIV,UP COUNTRY,NORTH DIVISION,WEST,NORTH 2,WEST REGION,MNK,Mankono,SGULA,Séguéla/ Mankono / Kani / Dianra,KAZA DISTRIBUTION
,CI1,Cote d'Ivoire,NORTHDIV,UP COUNTRY,NORTH DIVISION,WEST,NORTH 2,WEST REGION,MAN,Man,MRCHE,Marche / Zele / Dayagoine / Municipal / Campus / Quartier thérèse /,ALI BABA CI
,CI1,Cote d'Ivoire,NORTHDIV,UP COUNTRY,NORTH DIVISION,WEST,NORTH 2,WEST REGION,MAN,Man,CAFOP,Cafop / Camp SEA / Lycée club / Commerce / Koko / Libreville /,ALI BABA CI
,CI1,Cote d'Ivoire,NORTHDIV,UP COUNTRY,NORTH DIVISION,WEST,NORTH 2,WEST REGION,MAN,Man,BKOUMA,Biankouma / Bafing / Touba / Koro / Complexe / Sangouine /,ALI BABA CI
,CI1,Cote d'Ivoire,NORTHDIV,UP COUNTRY,NORTH DIVISION,WEST,NORTH 2,WEST REGION,MAN,Man,MANVI,Man ville,ALI BABA CI
,CI1,Cote d'Ivoire,NORTHDIV,UP COUNTRY,NORTH DIVISION,WEST,NORTH 2,WEST REGION,SOU,Soubre,NBOUHI,Nanbouhi/Camp manoir/Chateau résidentiel/Gabon/Gbakalepa/Yabayo,SOCOCE INTERIEUR
,CI1,Cote d'Ivoire,NORTHDIV,UP COUNTRY,NORTH DIVISION,WEST,NORTH 2,WEST REGION,SOU,Soubre,ANMANB,Anoumanbo/Hibiscus/Sicogi/Sans fil/Zone 4/KBF,SOCOCE INTERIEUR
,CI1,Cote d'Ivoire,NORTHDIV,UP COUNTRY,NORTH DIVISION,WEST,NORTH 2,WEST REGION,SOU,Soubre,SBRE,Okrouyo- Guehio -Buyo -Bakayo-osserie-logboville-Dapea-lessirie-commerce-kpeiri-opouyo-cité ouvriere,SOCOCE INTERIEUR
,CI1,Cote d'Ivoire,NORTHDIV,UP COUNTRY,NORTH DIVISION,WEST,NORTH 2,WEST REGION,SOU,Soubre,ISSIA,"Issia & Environs (mira, zobia, commerce, Saioua)",SOCOCE INTERIEUR
,CI1,Cote d'Ivoire,NORTHDIV,UP COUNTRY,NORTH DIVISION,WEST,NORTH 2,WEST REGION,SPD,San Pedro,MNGA,Monogaga / Dabiho / Marche / Doupoudou,ETABLISSEMENT LEMRABOTT & FRÈRES
,CI1,Cote d'Ivoire,NORTHDIV,UP COUNTRY,NORTH DIVISION,WEST,NORTH 2,WEST REGION,SPD,San Pedro,GRDMRCH,Grand marche / Bereby / Commerce,ETABLISSEMENT LEMRABOTT & FRÈRES
,CI1,Cote d'Ivoire,NORTHDIV,UP COUNTRY,NORTH DIVISION,WEST,NORTH 2,WEST REGION,SPD,San Pedro,CTE,Cité / Jule Ferry / Lac / Sewke / Bardot,ETABLISSEMENT LEMRABOTT & FRÈRES
,CI1,Cote d'Ivoire,NORTHDIV,UP COUNTRY,NORTH DIVISION,WEST,NORTH 2,WEST REGION,SPD,San Pedro,JLESFE,Lac / Jules ferry / Zone industrielle / Bardot,ETABLISSEMENT LEMRABOTT & FRÈRES
,CI1,Cote d'Ivoire,NORTHDIV,UP COUNTRY,NORTH DIVISION,WEST,NORTH 2,WEST REGION,SPD,San Pedro,CRDOR,Corridor / Gare / Sotref / Dafci,ETABLISSEMENT LEMRABOTT & FRÈRES
,CI1,Cote d'Ivoire,NORTHDIV,UP COUNTRY,NORTH DIVISION,WEST,NORTH 2,WEST REGION,GAG 2,Gagnoa 2,SLEIL,Zapata / Garahio / Babre / Soleil / Dioulabougou,SOCOCE INTERIEUR
,CI1,Cote d'Ivoire,NORTHDIV,UP COUNTRY,NORTH DIVISION,WEST,NORTH 2,WEST REGION,GAG 2,Gagnoa 2,CRDORS,Dares salam / Grarage Koffi / Garage Dosso / Corridor Sinfra,SOCOCE INTERIEUR
,CI1,Cote d'Ivoire,NORTHDIV,UP COUNTRY,NORTH DIVISION,WEST,NORTH 2,WEST REGION,GAG 2,Gagnoa 2,Ggnoa2,Gagnoa 2 / Guiberoua / Issia / Gueyo,SOCOCE INTERIEUR
,CI1,Cote d'Ivoire,NORTHDIV,UP COUNTRY,NORTH DIVISION,WEST,NORTH 2,WEST REGION,GAG 1,Gagnoa 1,CMRCE,Commerce / Gbakayo / Galebre / Tchedelei,SOMALI-CI
,CI1,Cote d'Ivoire,NORTHDIV,UP COUNTRY,NORTH DIVISION,WEST,NORTH 2,WEST REGION,GAG 1,Gagnoa 1,SLEIL,Soleil / Delbo / Millionnaire / Commerce,SOMALI-CI
,CI1,Cote d'Ivoire,NORTHDIV,UP COUNTRY,NORTH DIVISION,WEST,NORTH 2,WEST REGION,GAG 1,Gagnoa 1,GBKY,Dioulabougou / Katalina / Commerce / Gbakayo,SOMALI-CI
,CI1,Cote d'Ivoire,NORTHDIV,UP COUNTRY,NORTH DIVISION,WEST,NORTH 2,WEST REGION,DIV,Divo,SKOURA,Doukakou / Sokoura / Commerce / Bribore,RIDACOM
,CI1,Cote d'Ivoire,NORTHDIV,UP COUNTRY,NORTH DIVISION,WEST,NORTH 2,WEST REGION,DIV,Divo,LBANAIS,Konankro / Libanais / Jerusalem / Dialogue 2 / Dioulabougou,RIDACOM
,CI1,Cote d'Ivoire,NORTHDIV,UP COUNTRY,NORTH DIVISION,WEST,NORTH 2,WEST REGION,DIV,Divo,DLOGUE1,Commerce / Dialogue 1 / Gremian / Benoi,RIDACOM
,CI1,Cote d'Ivoire,NORTHDIV,UP COUNTRY,NORTH DIVISION,WEST,NORTH 2,WEST REGION,GUI 1,Guiglo 1,Giglo1N,Guiglo 1 nord,ETABLISSEMENT EL VALAH SARL
,CI1,Cote d'Ivoire,NORTHDIV,UP COUNTRY,NORTH DIVISION,WEST,NORTH 2,WEST REGION,GUI 1,Guiglo 1,Giglo1S,Guiglo 1 sud,ETABLISSEMENT EL VALAH SARL
,CI1,Cote d'Ivoire,NORTHDIV,UP COUNTRY,NORTH DIVISION,WEST,NORTH 2,WEST REGION,GUI 1,Guiglo 1,Giglo1DK,Guiglo 1 / Duekoué,ETABLISSEMENT EL VALAH SARL
,CI1,Cote d'Ivoire,NORTHDIV,UP COUNTRY,NORTH DIVISION,WEST,NORTH 2,WEST REGION,GUI 2,Guiglo 2,Giglo2N,Guiglo 2 Nord,SODISMAF
,CI1,Cote d'Ivoire,NORTHDIV,UP COUNTRY,NORTH DIVISION,WEST,NORTH 2,WEST REGION,GUI 2,Guiglo 2,Giglo2S,Guiglo 2 sud,SODISMAF
,CI1,Cote d'Ivoire,NORTHDIV,UP COUNTRY,NORTH DIVISION,WEST,NORTH 2,WEST REGION,GUI 2,Guiglo 2,Giglo2TBA,Guiglo 2 / Touba,SODISMAF
,CI1,Cote d'Ivoire,NORTHDIV,UP COUNTRY,NORTH DIVISION,WEST,NORTH 2,WEST REGION,ODI,Odienne,ODNE1,Odiénne 1,BALDE IBRAHIMA
,CI1,Cote d'Ivoire,NORTHDIV,UP COUNTRY,NORTH DIVISION,WEST,NORTH 2,WEST REGION,ODI,Odienne,ODNE2,Odiénne 2,BALDE IBRAHIMA
,CI1,Cote d'Ivoire,NORTHDIV,UP COUNTRY,NORTH DIVISION,WEST,NORTH 2,WEST REGION,ODI,Odienne,SMTIGLA,Odiénne / Tiémé / Madinani / Samatiguila,BALDE IBRAHIMA
,CI1,Cote d'Ivoire,NORTHDIV,UP COUNTRY,NORTH DIVISION,CNE,NORTH 1,CENTRE-NORD -EST REGION,Boun,Bouna,NIBLCAMA,NI3-BLONTIARA/DOROPO2-DASSIKELE/BOBOSSO-ZONGO/commerce /TEFRO-BOUNA2/CAMARASSO,ABDI
,CI1,Cote d'Ivoire,NORTHDIV,UP COUNTRY,NORTH DIVISION,CNE,NORTH 1,CENTRE-NORD -EST REGION,Boun,Bouna,BNGO,BOUNA /BROMAKOTE-VARALE/VARALE-DOROPO/AXE BOUNA-VONKORO/AXE BOUNA- MANGO,ABDI
