Hiérarchie territoriale,,,,,,,,
"Un quartier par ligne. Les quartiers d'une même area partagent Territoire, Code area et distributeur. La colonne Équivalence donne la correspondance North/South.",,,,,,,,
,,,,,,,,
Pays,Division,Équiv.,Sous-région,Équiv.,Territoire,Code area,Quartier,Distributeur
Cote d'Ivoire,SOUTHDIV,ABIDJAN,SOUTH1,ABIDJAN 1,Bingerville,NVEG,NOUVEAU GOUDRON,DYNAMYS
Cote d'Ivoire,SOUTHDIV,ABIDJAN,SOUTH1,ABIDJAN 1,Bingerville,NVEG,FEH KESSE,DYNAMYS
Cote d'Ivoire,SOUTHDIV,ABIDJAN,SOUTH1,ABIDJAN 1,Bingerville,NVEG,CITE SIR,DYNAMYS
Cote d'Ivoire,SOUTHDIV,ABIDJAN,SOUTH1,ABIDJAN 1,Bingerville,NVEG,AKANDJE,DYNAMYS
Cote d'Ivoire,SOUTHDIV,ABIDJAN,SOUTH1,ABIDJAN 1,Bingerville,NVEG,LAURIER 15,DYNAMYS
Cote d'Ivoire,SOUTHDIV,ABIDJAN,SOUTH1,ABIDJAN 1,Bingerville,NVEG,SANTE,DYNAMYS
Cote d'Ivoire,SOUTHDIV,ABIDJAN,SOUTH1,ABIDJAN 1,Bingerville,BLAN,BLANCHON,DYNAMYS
Cote d'Ivoire,SOUTHDIV,ABIDJAN,SOUTH1,ABIDJAN 1,Bingerville,BLAN,PALMERAIE BINGERVILLE,DYNAMYS
Cote d'Ivoire,SOUTHDIV,ABIDJAN,SOUTH1,ABIDJAN 1,Bingerville,BLAN,ADJAME BINGERVILLE,DYNAMYS
Cote d'Ivoire,SOUTHDIV,ABIDJAN,SOUTH1,ABIDJAN 1,Bingerville,BLAN,BREGBO,DYNAMYS
Cote d'Ivoire,SOUTHDIV,ABIDJAN,SOUTH1,ABIDJAN 1,Bingerville,BLAN,AKOUAI SANTE,DYNAMYS
Cote d'Ivoire,SOUTHDIV,ABIDJAN,SOUTH1,ABIDJAN 1,Bingerville,BLAN,AMAN,DYNAMYS
Cote d'Ivoire,SOUTHDIV,ABIDJAN,SOUTH1,ABIDJAN 1,Bingerville,BCIE,BASE CIE,DYNAMYS
Cote d'Ivoire,SOUTHDIV,ABIDJAN,SOUTH1,ABIDJAN 1,Bingerville,BCIE,KOROCOBOUGOU,DYNAMYS
Cote d'Ivoire,SOUTHDIV,ABIDJAN,SOUTH1,ABIDJAN 1,Bingerville,BCIE,GBAGBA,DYNAMYS
Cote d'Ivoire,SOUTHDIV,ABIDJAN,SOUTH1,ABIDJAN 1,Bingerville,BCIE,BERLIN,DYNAMYS
Cote d'Ivoire,SOUTHDIV,ABIDJAN,SOUTH1,ABIDJAN 1,Bingerville,BCIE,SAVANE,DYNAMYS
Cote d'Ivoire,SOUTHDIV,ABIDJAN,SOUTH1,ABIDJAN 1,Bingerville,BCIE,MACHOU,DYNAMYS
Cote d'Ivoire,SOUTHDIV,ABIDJAN,SOUTH1,ABIDJAN 1,Bingerville,BCIE,SICOGI,DYNAMYS
Cote d'Ivoire,SOUTHDIV,ABIDJAN,SOUTH1,ABIDJAN 1,Bingerville,BCIE,MACHOUX,DYNAMYS
Cote d'Ivoire,SOUTHDIV,ABIDJAN,SOUTH1,ABIDJAN 1,Bingerville,BCIE,MARCHE,DYNAMYS
Cote d'Ivoire,SOUTHDIV,ABIDJAN,SOUTH1,ABIDJAN 1,Bingerville,ABAT,ABATTA,DYNAMYS
Cote d'Ivoire,SOUTHDIV,ABIDJAN,SOUTH1,ABIDJAN 1,Bingerville,ABAT,ABATTA VILLAGE,DYNAMYS
Cote d'Ivoire,SOUTHDIV,ABIDJAN,SOUTH1,ABIDJAN 1,Bingerville,ABAT,JULES VERNE,DYNAMYS
Cote d'Ivoire,SOUTHDIV,ABIDJAN,SOUTH1,ABIDJAN 1,Bingerville,ABAT,CITE DU PORT,DYNAMYS
Cote d'Ivoire,SOUTHDIV,ABIDJAN,SOUTH1,ABIDJAN 1,Bingerville,BING,TOUT BINGERVILLE,DYNAMYS
Cote d'Ivoire,SOUTHDIV,ABIDJAN,SOUTH1,ABIDJAN 1,Cocody 1,LCET,LYCEE TECHNIQUE,PRODISMA
Cote d'Ivoire,SOUTHDIV,ABIDJAN,SOUTH1,ABIDJAN 1,Cocody 1,LCET,VALLON,PRODISMA
Cote d'Ivoire,SOUTHDIV,ABIDJAN,SOUTH1,ABIDJAN 1,Cocody 1,LCET,COLOMBIE,PRODISMA
Cote d'Ivoire,SOUTHDIV,ABIDJAN,SOUTH1,ABIDJAN 1,Cocody 1,MAHO,MAHOU COLOMBIE,PRODISMA
Cote d'Ivoire,SOUTHDIV,ABIDJAN,SOUTH1,ABIDJAN 1,Cocody 1,PERL,PERLE,PRODISMA
Cote d'Ivoire,SOUTHDIV,ABIDJAN,SOUTH1,ABIDJAN 1,Cocody 1,PERL,MAHOU,PRODISMA
Cote d'Ivoire,SOUTHDIV,ABIDJAN,SOUTH1,ABIDJAN 1,Cocody 1,PERL,ANGRE,PRODISMA
Cote d'Ivoire,SOUTHDIV,ABIDJAN,SOUTH1,ABIDJAN 1,Cocody 1,PALM,PALMERAIE,PRODISMA
Cote d'Ivoire,SOUTHDIV,ABIDJAN,SOUTH1,ABIDJAN 1,Cocody 1,PALM,ATTOBAN,PRODISMA
Cote d'Ivoire,SOUTHDIV,ABIDJAN,SOUTH1,ABIDJAN 1,Cocody 1,PALM,BONOUMIN,PRODISMA
Cote d'Ivoire,SOUTHDIV,ABIDJAN,SOUTH1,ABIDJAN 1,Cocody 1,PALM2,PALMERAIE2 COCOVICO,PRODISMA
Cote d'Ivoire,SOUTHDIV,ABIDJAN,SOUTH1,ABIDJAN 1,Cocody 1,ANGR,ANGRE 2PLATEAUX 7 TRANCHE,PRODISMA
Cote d'Ivoire,SOUTHDIV,ABIDJAN,SOUTH1,ABIDJAN 1,Cocody 1,DJOR,BESSIKOI,PRODISMA
Cote d'Ivoire,SOUTHDIV,ABIDJAN,SOUTH1,ABIDJAN 1,Cocody 1,DJOR,DJOROBITE,PRODISMA
Cote d'Ivoire,SOUTHDIV,ABIDJAN,SOUTH1,ABIDJAN 1,Cocody 2,DNGA,DANGA,PRODISMA
Cote d'Ivoire,SOUTHDIV,ABIDJAN,SOUTH1,ABIDJAN 1,Cocody 2,DNGA,COCODY CENTRE,PRODISMA
Cote d'Ivoire,SOUTHDIV,ABIDJAN,SOUTH1,ABIDJAN 1,Cocody 2,DNGA,BLAUKOSS,PRODISMA
Cote d'Ivoire,SOUTHDIV,ABIDJAN,SOUTH1,ABIDJAN 1,Cocody 2,BLKH,BLAUKOSS COCODY CENTRE,PRODISMA
Cote d'Ivoire,SOUTHDIV,ABIDJAN,SOUTH1,ABIDJAN 1,Cocody 2,RVER2,RIVIERA 2,PRODISMA
Cote d'Ivoire,SOUTHDIV,ABIDJAN,SOUTH1,ABIDJAN 1,Cocody 2,RVER2,RIVIERA 3,PRODISMA
Cote d'Ivoire,SOUTHDIV,ABIDJAN,SOUTH1,ABIDJAN 1,Cocody 2,RVER2,GOLF,PRODISMA
Cote d'Ivoire,SOUTHDIV,ABIDJAN,SOUTH1,ABIDJAN 1,Cocody 2,ANON,ANONO,PRODISMA
Cote d'Ivoire,SOUTHDIV,ABIDJAN,SOUTH1,ABIDJAN 1,Cocody 2,FAYB,FAYA BON PRIX,PRODISMA
Cote d'Ivoire,SOUTHDIV,ABIDJAN,SOUTH1,ABIDJAN 1,Cocody 2,FAYB,ABATTA,PRODISMA
Cote d'Ivoire,SOUTHDIV,ABIDJAN,SOUTH1,ABIDJAN 1,Cocody 2,CIAD,CIAD,PRODISMA
Cote d'Ivoire,SOUTHDIV,ABIDJAN,SOUTH1,ABIDJAN 1,Cocody 2,CIAD,MPOUTO,PRODISMA
Cote d'Ivoire,SOUTHDIV,ABIDJAN,SOUTH1,ABIDJAN 1,Cocody 2,CIAD,SYNACACI,PRODISMA
Cote d'Ivoire,SOUTHDIV,ABIDJAN,SOUTH1,ABIDJAN 1,Cocody 2,CIAD,FAYA (COTE ECHANGEUR),PRODISMA
Cote d'Ivoire,SOUTHDIV,ABIDJAN,SOUTH1,ABIDJAN 1,Treichville,ARAS,ARAS,SIDECOM
Cote d'Ivoire,SOUTHDIV,ABIDJAN,SOUTH1,ABIDJAN 1,Treichville,ARAS,BELLEVILLE,SIDECOM
Cote d'Ivoire,SOUTHDIV,ABIDJAN,SOUTH1,ABIDJAN 1,Treichville,ARAS,BIAFRA,SIDECOM
Cote d'Ivoire,SOUTHDIV,ABIDJAN,SOUTH1,ABIDJAN 1,Treichville,ARAS,QUARTIER APOLLO,SIDECOM
Cote d'Ivoire,SOUTHDIV,ABIDJAN,SOUTH1,ABIDJAN 1,Treichville,ARAS,ZONE 3,SIDECOM
Cote d'Ivoire,SOUTHDIV,ABIDJAN,SOUTH1,ABIDJAN 1,Treichville,BIAF,ARAS,SIDECOM
Cote d'Ivoire,SOUTHDIV,ABIDJAN,SOUTH1,ABIDJAN 1,Treichville,BIAF,BELLEVILLE,SIDECOM
Cote d'Ivoire,SOUTHDIV,ABIDJAN,SOUTH1,ABIDJAN 1,Treichville,BIAF,BIAFRA,SIDECOM
Cote d'Ivoire,SOUTHDIV,ABIDJAN,SOUTH1,ABIDJAN 1,Treichville,BIAF,QUARTIER APOLLO,SIDECOM
Cote d'Ivoire,SOUTHDIV,ABIDJAN,SOUTH1,ABIDJAN 1,Treichville,BIAF,ZONE 3,SIDECOM
Cote d'Ivoire,SOUTHDIV,ABIDJAN,SOUTH1,ABIDJAN 1,Marcory,RSD,RÉSIDENTIEL,SIDECOM
Cote d'Ivoire,SOUTHDIV,ABIDJAN,SOUTH1,ABIDJAN 1,Marcory,RSD,CHAMPROUX,SIDECOM
Cote d'Ivoire,SOUTHDIV,ABIDJAN,SOUTH1,ABIDJAN 1,Marcory,RSD,GROUPEMENT,SIDECOM
Cote d'Ivoire,SOUTHDIV,ABIDJAN,SOUTH1,ABIDJAN 1,Marcory,RSD,HIBISCUS,SIDECOM
Cote d'Ivoire,SOUTHDIV,ABIDJAN,SOUTH1,ABIDJAN 1,Marcory,RSD,MASSARANA,SIDECOM
Cote d'Ivoire,SOUTHDIV,ABIDJAN,SOUTH1,ABIDJAN 1,Marcory,SICOG,SICOGI,SIDECOM
Cote d'Ivoire,SOUTHDIV,ABIDJAN,SOUTH1,ABIDJAN 1,Marcory,SICOG,REMBLAIS,SIDECOM
Cote d'Ivoire,SOUTHDIV,ABIDJAN,SOUTH1,ABIDJAN 1,Marcory,SICOG,ANOUMANBO,SIDECOM
Cote d'Ivoire,SOUTHDIV,ABIDJAN,SOUTH1,ABIDJAN 1,Marcory,SICOG,SANS FIL,SIDECOM
Cote d'Ivoire,SOUTHDIV,ABIDJAN,SOUTH1,ABIDJAN 1,Marcory,SICOG,ZONE 4,SIDECOM
Cote d'Ivoire,SOUTHDIV,ABIDJAN,SOUTH1,ABIDJAN 1,Marcory,HIBI,RÉSIDENTIEL,SIDECOM
Cote d'Ivoire,SOUTHDIV,ABIDJAN,SOUTH1,ABIDJAN 1,Marcory,HIBI,CHAMPROUX,SIDECOM
Cote d'Ivoire,SOUTHDIV,ABIDJAN,SOUTH1,ABIDJAN 1,Marcory,HIBI,GRPE,SIDECOM
Cote d'Ivoire,SOUTHDIV,ABIDJAN,SOUTH1,ABIDJAN 1,Marcory,HIBI,HIBISCUS,SIDECOM
Cote d'Ivoire,SOUTHDIV,ABIDJAN,SOUTH1,ABIDJAN 1,Marcory,HIBI,MASSARANA,SIDECOM
Cote d'Ivoire,SOUTHDIV,ABIDJAN,SOUTH1,ABIDJAN 1,Marcory,HIBI,SICOGI,SIDECOM
Cote d'Ivoire,SOUTHDIV,ABIDJAN,SOUTH1,ABIDJAN 1,Marcory,HIBI,REMBLAIS,SIDECOM
Cote d'Ivoire,SOUTHDIV,ABIDJAN,SOUTH1,ABIDJAN 1,Marcory,HIBI,ANOUMANBO,SIDECOM
Cote d'Ivoire,SOUTHDIV,ABIDJAN,SOUTH1,ABIDJAN 1,Marcory,HIBI,SANS FIL,SIDECOM
Cote d'Ivoire,SOUTHDIV,ABIDJAN,SOUTH1,ABIDJAN 1,Marcory,HIBI,ZONE4,SIDECOM
Cote d'Ivoire,SOUTHDIV,ABIDJAN,SOUTH1,ABIDJAN 1,koumassi,RBLA,REMBLAIS,SIDECOM
Cote d'Ivoire,SOUTHDIV,ABIDJAN,SOUTH1,ABIDJAN 1,koumassi,RBLA,MARAIS,SIDECOM
Cote d'Ivoire,SOUTHDIV,ABIDJAN,SOUTH1,ABIDJAN 1,koumassi,RBLA,DIVO,SIDECOM
Cote d'Ivoire,SOUTHDIV,ABIDJAN,SOUTH1,ABIDJAN 1,koumassi,RBLA,KOUMASSI 32,SIDECOM
Cote d'Ivoire,SOUTHDIV,ABIDJAN,SOUTH1,ABIDJAN 1,koumassi,RBLA,TERM 05,SIDECOM
Cote d'Ivoire,SOUTHDIV,ABIDJAN,SOUTH1,ABIDJAN 1,koumassi,CTE147,CITÉ 147,SIDECOM
Cote d'Ivoire,SOUTHDIV,ABIDJAN,SOUTH1,ABIDJAN 1,koumassi,CTE147,PRODOMO,SIDECOM
Cote d'Ivoire,SOUTHDIV,ABIDJAN,SOUTH1,ABIDJAN 1,koumassi,CTE147,SOPIM,SIDECOM
Cote d'Ivoire,SOUTHDIV,ABIDJAN,SOUTH1,ABIDJAN 1,koumassi,CTE147,CAMPEMENT,SIDECOM
Cote d'Ivoire,SOUTHDIV,ABIDJAN,SOUTH1,ABIDJAN 1,koumassi,CTE147,SOWETO,SIDECOM
Cote d'Ivoire,SOUTHDIV,ABIDJAN,SOUTH1,ABIDJAN 1,koumassi,CTE147,SICOGI,SIDECOM
Cote d'Ivoire,SOUTHDIV,ABIDJAN,SOUTH1,ABIDJAN 1,koumassi,AHOU,AHOUSSABOUGOU,SIDECOM
Cote d'Ivoire,SOUTHDIV,ABIDJAN,SOUTH1,ABIDJAN 1,koumassi,AHOU,3 AMPOULES,SIDECOM
Cote d'Ivoire,SOUTHDIV,ABIDJAN,SOUTH1,ABIDJAN 1,koumassi,AHOU,MARCHÉ DJE KONAN,SIDECOM
Cote d'Ivoire,SOUTHDIV,ABIDJAN,SOUTH1,ABIDJAN 1,koumassi,AHOU,SOLEIL,SIDECOM
Cote d'Ivoire,SOUTHDIV,ABIDJAN,SOUTH1,ABIDJAN 1,koumassi,AHOU,GELTI,SIDECOM
Cote d'Ivoire,SOUTHDIV,ABIDJAN,SOUTH1,ABIDJAN 1,koumassi,KMSS32,REMBLAIS,SIDECOM
Cote d'Ivoire,SOUTHDIV,ABIDJAN,SOUTH1,ABIDJAN 1,koumassi,KMSS32,MARAIS,SIDECOM
Cote d'Ivoire,SOUTHDIV,ABIDJAN,SOUTH1,ABIDJAN 1,koumassi,KMSS32,DIVO,SIDECOM
Cote d'Ivoire,SOUTHDIV,ABIDJAN,SOUTH1,ABIDJAN 1,koumassi,KMSS32,KOUMASSI 32,SIDECOM
Cote d'Ivoire,SOUTHDIV,ABIDJAN,SOUTH1,ABIDJAN 1,koumassi,KMSS32,TERM 05,SIDECOM
Cote d'Ivoire,SOUTHDIV,ABIDJAN,SOUTH1,ABIDJAN 1,koumassi,KMSS32,3 AMPOULES,SIDECOM
Cote d'Ivoire,SOUTHDIV,ABIDJAN,SOUTH1,ABIDJAN 1,koumassi,KMSS32,AHOUSSABOUGOU,SIDECOM
Cote d'Ivoire,SOUTHDIV,ABIDJAN,SOUTH1,ABIDJAN 1,koumassi,PRDM,CITÉ 147,SIDECOM
Cote d'Ivoire,SOUTHDIV,ABIDJAN,SOUTH1,ABIDJAN 1,koumassi,PRDM,PRODOMO,SIDECOM
Cote d'Ivoire,SOUTHDIV,ABIDJAN,SOUTH1,ABIDJAN 1,koumassi,PRDM,SOPIM,SIDECOM
Cote d'Ivoire,SOUTHDIV,ABIDJAN,SOUTH1,ABIDJAN 1,koumassi,PRDM,CAMPEMENT,SIDECOM
Cote d'Ivoire,SOUTHDIV,ABIDJAN,SOUTH1,ABIDJAN 1,koumassi,PRDM,SOWETO,SIDECOM
Cote d'Ivoire,SOUTHDIV,ABIDJAN,SOUTH1,ABIDJAN 1,koumassi,PRDM,SICOGI,SIDECOM
Cote d'Ivoire,SOUTHDIV,ABIDJAN,SOUTH1,ABIDJAN 1,koumassi,PRDM,MARCHÉ DJE KONAN,SIDECOM
Cote d'Ivoire,SOUTHDIV,ABIDJAN,SOUTH1,ABIDJAN 1,koumassi,PRDM,SOLEIL,SIDECOM
Cote d'Ivoire,SOUTHDIV,ABIDJAN,SOUTH1,ABIDJAN 1,Port bouet,PRBC,PORT BOUET CENTRE,SDHPA
Cote d'Ivoire,SOUTHDIV,ABIDJAN,SOUTH1,ABIDJAN 1,Port bouet,PRBC,CITÉ POLICIÈRE,SDHPA
Cote d'Ivoire,SOUTHDIV,ABIDJAN,SOUTH1,ABIDJAN 1,Port bouet,PRBC,PETIT BASSAM,SDHPA
Cote d'Ivoire,SOUTHDIV,ABIDJAN,SOUTH1,ABIDJAN 1,Port bouet,PRBC,VRIDI,SDHPA
Cote d'Ivoire,SOUTHDIV,ABIDJAN,SOUTH1,ABIDJAN 1,Port bouet,AERO,AÉROPORT,SDHPA
Cote d'Ivoire,SOUTHDIV,ABIDJAN,SOUTH1,ABIDJAN 1,Port bouet,AERO,ADJAWUI,SDHPA
Cote d'Ivoire,SOUTHDIV,ABIDJAN,SOUTH1,ABIDJAN 1,Port bouet,JANF,JEAN FOLLY,SDHPA
Cote d'Ivoire,SOUTHDIV,ABIDJAN,SOUTH1,ABIDJAN 1,Port bouet,JANF,ADJOUFOU,SDHPA
Cote d'Ivoire,SOUTHDIV,ABIDJAN,SOUTH1,ABIDJAN 1,Port bouet,TRCA,TERRE ROUGE,SDHPA
Cote d'Ivoire,SOUTHDIV,ABIDJAN,SOUTH1,ABIDJAN 1,Port bouet,TRCA,CORRIDOR,SDHPA
Cote d'Ivoire,SOUTHDIV,ABIDJAN,SOUTH1,ABIDJAN 1,Port bouet,TRCA,ANANI,SDHPA
Cote d'Ivoire,SOUTHDIV,ABIDJAN,SOUTH1,ABIDJAN 1,Port bouet,PRBO,PORT BOUET,SDHPA
Cote d'Ivoire,SOUTHDIV,ABIDJAN,SOUTH1,ABIDJAN 1,Bassam,MOKE,MOCKEYVILLE,LKA SERVICES
Cote d'Ivoire,SOUTHDIV,ABIDJAN,SOUTH1,ABIDJAN 1,Bassam,MOKE,UNIVERSITÉ AMÉRICAINE,LKA SERVICES
Cote d'Ivoire,SOUTHDIV,ABIDJAN,SOUTH1,ABIDJAN 1,Bassam,MOKE,EDOUKOU MIEZAN,LKA SERVICES
Cote d'Ivoire,SOUTHDIV,ABIDJAN,SOUTH1,ABIDJAN 1,Bassam,MOKE,QUARTIER ARTISANAL,LKA SERVICES
Cote d'Ivoire,SOUTHDIV,ABIDJAN,SOUTH1,ABIDJAN 1,Bassam,MOKE,MODESTE,LKA SERVICES
Cote d'Ivoire,SOUTHDIV,ABIDJAN,SOUTH1,ABIDJAN 1,Bassam,MOKE,ANANI,LKA SERVICES
Cote d'Ivoire,SOUTHDIV,ABIDJAN,SOUTH1,ABIDJAN 1,Bassam,MOKE,MOOSOU 1,LKA SERVICES
Cote d'Ivoire,SOUTHDIV,ABIDJAN,SOUTH1,ABIDJAN 1,Bassam,VETO,VETOCO,LKA SERVICES
Cote d'Ivoire,SOUTHDIV,ABIDJAN,SOUTH1,ABIDJAN 1,Bassam,VETO,MOOSOU2,LKA SERVICES
Cote d'Ivoire,SOUTHDIV,ABIDJAN,SOUTH1,ABIDJAN 1,Bassam,VETO,IMPERIAL,LKA SERVICES
Cote d'Ivoire,SOUTHDIV,ABIDJAN,SOUTH1,ABIDJAN 1,Bassam,VETO,DOS,LKA SERVICES
Cote d'Ivoire,SOUTHDIV,ABIDJAN,SOUTH1,ABIDJAN 1,Bassam,VETO,QUARTIER FRANCE,LKA SERVICES
Cote d'Ivoire,SOUTHDIV,ABIDJAN,SOUTH1,ABIDJAN 1,Bassam,VETO,DIOULABOUGOU,LKA SERVICES
Cote d'Ivoire,SOUTHDIV,ABIDJAN,SOUTH1,ABIDJAN 1,Bassam,VETO,AZURETI,LKA SERVICES
Cote d'Ivoire,SOUTHDIV,ABIDJAN,SOUTH1,ABIDJAN 1,Bassam,ANAN,ANANI,LKA SERVICES
Cote d'Ivoire,SOUTHDIV,ABIDJAN,SOUTH1,ABIDJAN 1,Bassam,ANAN,DOS,LKA SERVICES
Cote d'Ivoire,SOUTHDIV,ABIDJAN,SOUTH1,ABIDJAN 1,Bassam,ANAN,DIOULABOUGO,LKA SERVICES
Cote d'Ivoire,SOUTHDIV,ABIDJAN,SOUTH1,ABIDJAN 1,Bassam,ANAN,PETIT MARCHÉ,LKA SERVICES
Cote d'Ivoire,SOUTHDIV,ABIDJAN,SOUTH1,ABIDJAN 1,Bassam,8KLO,8 KILOS,LKA SERVICES
Cote d'Ivoire,SOUTHDIV,ABIDJAN,SOUTH1,ABIDJAN 1,Bassam,8KLO,YAOU,LKA SERVICES
Cote d'Ivoire,SOUTHDIV,ABIDJAN,SOUTH1,ABIDJAN 1,Bassam,8KLO,CENTRE VILLE,LKA SERVICES
Cote d'Ivoire,SOUTHDIV,ABIDJAN,SOUTH1,ABIDJAN 1,Bassam,8KLO,BEGNERI,LKA SERVICES
Cote d'Ivoire,SOUTHDIV,ABIDJAN,SOUTH1,ABIDJAN 1,Bassam,8KLO,SAMO,LKA SERVICES
Cote d'Ivoire,SOUTHDIV,ABIDJAN,SOUTH1,ABIDJAN 1,Bassam,8KLO,ASSINIE,LKA SERVICES
Cote d'Ivoire,SOUTHDIV,ABIDJAN,SOUTH1,ABIDJAN 1,Bassam,YAOU,8 KILOS,LKA SERVICES
Cote d'Ivoire,SOUTHDIV,ABIDJAN,SOUTH1,ABIDJAN 1,Bassam,YAOU,YAOU,LKA SERVICES
Cote d'Ivoire,SOUTHDIV,ABIDJAN,SOUTH1,ABIDJAN 1,Bassam,YAOU,CENTRE VILLE,LKA SERVICES
Cote d'Ivoire,SOUTHDIV,ABIDJAN,SOUTH1,ABIDJAN 1,Bassam,YAOU,BEGNERI,LKA SERVICES
Cote d'Ivoire,SOUTHDIV,ABIDJAN,SOUTH1,ABIDJAN 1,Bassam,YAOU,SAMO,LKA SERVICES
Cote d'Ivoire,SOUTHDIV,ABIDJAN,SOUTH1,ABIDJAN 1,Bassam,YAOU,ASSINIE,LKA SERVICES
Cote d'Ivoire,SOUTHDIV,ABIDJAN,SOUTH1,ABIDJAN 1,Bassam,CTREV,8 KILOS,LKA SERVICES
Cote d'Ivoire,SOUTHDIV,ABIDJAN,SOUTH1,ABIDJAN 1,Bassam,CTREV,YAOU,LKA SERVICES
Cote d'Ivoire,SOUTHDIV,ABIDJAN,SOUTH1,ABIDJAN 1,Bassam,CTREV,CENTRE VILLE,LKA SERVICES
Cote d'Ivoire,SOUTHDIV,ABIDJAN,SOUTH1,ABIDJAN 1,Bassam,CTREV,BEGNERI,LKA SERVICES
Cote d'Ivoire,SOUTHDIV,ABIDJAN,SOUTH1,ABIDJAN 1,Aboisso,DJELI,DJELIBA,LKA SERVICES
Cote d'Ivoire,SOUTHDIV,ABIDJAN,SOUTH1,ABIDJAN 1,Aboisso,DJELI,TP,LKA SERVICES
Cote d'Ivoire,SOUTHDIV,ABIDJAN,SOUTH1,ABIDJAN 1,Aboisso,DJELI,PARCERELLE,LKA SERVICES
Cote d'Ivoire,SOUTHDIV,ABIDJAN,SOUTH1,ABIDJAN 1,Aboisso,DJELI,KONAN KAN,LKA SERVICES
Cote d'Ivoire,SOUTHDIV,ABIDJAN,SOUTH1,ABIDJAN 1,Aboisso,DJELI,BOIS BLANC,LKA SERVICES
Cote d'Ivoire,SOUTHDIV,ABIDJAN,SOUTH1,ABIDJAN 1,Aboisso,DJELI,AYEBO,LKA SERVICES
Cote d'Ivoire,SOUTHDIV,ABIDJAN,SOUTH1,ABIDJAN 1,Aboisso,DJELI,ADAOU,LKA SERVICES
Cote d'Ivoire,SOUTHDIV,ABIDJAN,SOUTH1,ABIDJAN 1,Aboisso,DIATEK,DIATEKRO,LKA SERVICES
Cote d'Ivoire,SOUTHDIV,ABIDJAN,SOUTH1,ABIDJAN 1,Aboisso,DIATEK,SOKORA,LKA SERVICES
Cote d'Ivoire,SOUTHDIV,ABIDJAN,SOUTH1,ABIDJAN 1,Aboisso,DIATEK,CCE,LKA SERVICES
Cote d'Ivoire,SOUTHDIV,ABIDJAN,SOUTH1,ABIDJAN 1,Aboisso,DIATEK,WATTVILLE,LKA SERVICES
Cote d'Ivoire,SOUTHDIV,ABIDJAN,SOUTH1,ABIDJAN 1,Aboisso,DIATEK,BELLEVILLE,LKA SERVICES
Cote d'Ivoire,SOUTHDIV,ABIDJAN,SOUTH1,ABIDJAN 1,Aboisso,DIATEK,SOS,LKA SERVICES
Cote d'Ivoire,SOUTHDIV,ABIDJAN,SOUTH1,ABIDJAN 1,Aboisso,DIATEK,DOSOBAH,LKA SERVICES
Cote d'Ivoire,SOUTHDIV,ABIDJAN,SOUTH1,ABIDJAN 1,Aboisso,DIATEK,CITÉ KOUMI,LKA SERVICES
Cote d'Ivoire,SOUTHDIV,ABIDJAN,SOUTH1,ABIDJAN 1,Aboisso,DIATEK,LYCÉE,LKA SERVICES
Cote d'Ivoire,SOUTHDIV,ABIDJAN,SOUTH1,ABIDJAN 1,Aboisso,DIATEK,KRINDJABO,LKA SERVICES
Cote d'Ivoire,SOUTHDIV,ABIDJAN,SOUTH1,ABIDJAN 1,Aboisso,DIATEK,KOLAIWA,LKA SERVICES
Cote d'Ivoire,SOUTHDIV,ABIDJAN,SOUTH1,ABIDJAN 1,Aboisso,DIATEK,SANHOUMAN,LKA SERVICES
Cote d'Ivoire,SOUTHDIV,ABIDJAN,SOUTH1,ABIDJAN 1,Aboisso,AYME,AYAMÉ,LKA SERVICES
Cote d'Ivoire,SOUTHDIV,ABIDJAN,SOUTH1,ABIDJAN 1,Aboisso,AYME,EBIKRA,LKA SERVICES
Cote d'Ivoire,SOUTHDIV,ABIDJAN,SOUTH1,ABIDJAN 1,Aboisso,AYME,AKRESIE,LKA SERVICES
Cote d'Ivoire,SOUTHDIV,ABIDJAN,SOUTH1,ABIDJAN 1,Aboisso,AYME,N’ZIKRO,LKA SERVICES
Cote d'Ivoire,SOUTHDIV,ABIDJAN,SOUTH1,ABIDJAN 1,Aboisso,AYME,BABADOUGOU,LKA SERVICES
Cote d'Ivoire,SOUTHDIV,ABIDJAN,SOUTH1,ABIDJAN 1,Aboisso,AYME,EBOUÉ,LKA SERVICES
Cote d'Ivoire,SOUTHDIV,ABIDJAN,SOUTH1,ABIDJAN 1,Aboisso,AYME,ABY,LKA SERVICES
Cote d'Ivoire,SOUTHDIV,ABIDJAN,SOUTH1,ABIDJAN 1,Aboisso,AYME,ADJOUAN,LKA SERVICES
Cote d'Ivoire,SOUTHDIV,ABIDJAN,SOUTH1,ABIDJAN 1,Aboisso,AYME,MOYASSUÉ,LKA SERVICES
Cote d'Ivoire,SOUTHDIV,ABIDJAN,SOUTH1,ABIDJAN 1,Aboisso,AYME,AKAKRO,LKA SERVICES
Cote d'Ivoire,SOUTHDIV,ABIDJAN,SOUTH1,ABIDJAN 1,Aboisso,AYME,V1,LKA SERVICES
Cote d'Ivoire,SOUTHDIV,ABIDJAN,SOUTH1,ABIDJAN 1,Aboisso,AYME,V2,LKA SERVICES
Cote d'Ivoire,SOUTHDIV,ABIDJAN,SOUTH1,ABIDJAN 1,Aboisso,AYME,KRINDJABO,LKA SERVICES
Cote d'Ivoire,SOUTHDIV,ABIDJAN,SOUTH1,ABIDJAN 1,Aboisso,AYME,KASSIKRO,LKA SERVICES
Cote d'Ivoire,SOUTHDIV,ABIDJAN,SOUTH1,ABIDJAN 1,Aboisso,ADKE,ADIAKÉ,LKA SERVICES
Cote d'Ivoire,SOUTHDIV,ABIDJAN,SOUTH1,ABIDJAN 1,Aboisso,ADKE,ABOISSO,LKA SERVICES
Cote d'Ivoire,SOUTHDIV,ABIDJAN,SOUTH1,ABIDJAN 1,Aboisso,ADKE,AYAMÉ,LKA SERVICES
Cote d'Ivoire,SOUTHDIV,ABIDJAN,SOUTH1,ABIDJAN 1,Aboisso,ADKE,KRINDJABO,LKA SERVICES
Cote d'Ivoire,SOUTHDIV,ABIDJAN,SOUTH1,ABIDJAN 1,Aboisso,ADKE,NOÉ,LKA SERVICES
Cote d'Ivoire,SOUTHDIV,ABIDJAN,SOUTH1,ABIDJAN 1,Aboisso,ADKE,ASSE,LKA SERVICES
Cote d'Ivoire,SOUTHDIV,ABIDJAN,SOUTH1,ABIDJAN 1,Aboisso,ADKE,SOUMIÉ,LKA SERVICES
Cote d'Ivoire,SOUTHDIV,ABIDJAN,SOUTH1,ABIDJAN 1,Aboisso,ADKE,N'ZIKRO,LKA SERVICES
Cote d'Ivoire,SOUTHDIV,ABIDJAN,SOUTH1,ABIDJAN 1,Aboisso,ADKE,KOFFIKRO,LKA SERVICES
Cote d'Ivoire,SOUTHDIV,ABIDJAN,SOUTH1,ABIDJAN 1,Aboisso,ADKE,BABADOUGOU,LKA SERVICES
Cote d'Ivoire,SOUTHDIV,ABIDJAN,SOUTH1,ABIDJAN 1,Aboisso,ADKE,CARF AHENOUA,LKA SERVICES
Cote d'Ivoire,SOUTHDIV,ABIDJAN,SOUTH1,ABIDJAN 1,Aboisso,ADKE,ADAOU,LKA SERVICES
Cote d'Ivoire,SOUTHDIV,ABIDJAN,SOUTH1,ABIDJAN 1,Plateau,AGBA,AGBAN VILLAGE,BOUSSOURA SARL
Cote d'Ivoire,SOUTHDIV,ABIDJAN,SOUTH1,ABIDJAN 1,Plateau,AGBA,CITE FERMONT,BOUSSOURA SARL
Cote d'Ivoire,SOUTHDIV,ABIDJAN,SOUTH1,ABIDJAN 1,Plateau,AGBA,ATTECOUBE CENTRE,BOUSSOURA SARL
Cote d'Ivoire,SOUTHDIV,ABIDJAN,SOUTH1,ABIDJAN 1,Plateau,AGBA,PLATEAU CENTRE,BOUSSOURA SARL
Cote d'Ivoire,SOUTHDIV,ABIDJAN,SOUTH1,ABIDJAN 1,Plateau,AGBA,MARCHE DE FRUIT,BOUSSOURA SARL
Cote d'Ivoire,SOUTHDIV,ABIDJAN,SOUTH1,ABIDJAN 1,Plateau,CTEFER,AGBAN VILLAGE,BOUSSOURA SARL
Cote d'Ivoire,SOUTHDIV,ABIDJAN,SOUTH1,ABIDJAN 1,Plateau,CTEFER,CITE FERMONT,BOUSSOURA SARL
Cote d'Ivoire,SOUTHDIV,ABIDJAN,SOUTH1,ABIDJAN 1,Plateau,CTEFER,ATTECOUBE CENTRE,BOUSSOURA SARL
Cote d'Ivoire,SOUTHDIV,ABIDJAN,SOUTH1,ABIDJAN 1,Plateau,CTEFER,PLATEAU CENTRE,BOUSSOURA SARL
Cote d'Ivoire,SOUTHDIV,ABIDJAN,SOUTH1,ABIDJAN 1,Plateau,CTEFER,MARCHE DE FRUIT,BOUSSOURA SARL
Cote d'Ivoire,SOUTHDIV,ABIDJAN,SOUTH2,ABIDJAN 2,Yopougon 1,ATTC,YOPOUGON 1 & 2,SODICOM-CI
Cote d'Ivoire,SOUTHDIV,ABIDJAN,SOUTH2,ABIDJAN 2,Yopougon 1,WASS,WASSAKARA,SODICOM-CI
Cote d'Ivoire,SOUTHDIV,ABIDJAN,SOUTH2,ABIDJAN 2,Yopougon 1,WASS,SELMER,SODICOM-CI
Cote d'Ivoire,SOUTHDIV,ABIDJAN,SOUTH2,ABIDJAN 2,Yopougon 1,WASS,SICOGI,SODICOM-CI
Cote d'Ivoire,SOUTHDIV,ABIDJAN,SOUTH2,ABIDJAN 2,Yopougon 1,SELM,WASSAKARA,SODICOM-CI
Cote d'Ivoire,SOUTHDIV,ABIDJAN,SOUTH2,ABIDJAN 2,Yopougon 1,SELM,SELMER,SODICOM-CI
Cote d'Ivoire,SOUTHDIV,ABIDJAN,SOUTH2,ABIDJAN 2,Yopougon 1,SELM,SICOGI,SODICOM-CI
Cote d'Ivoire,SOUTHDIV,ABIDJAN,SOUTH2,ABIDJAN 2,Yopougon 1,SBLE,YOPOUGON SABLE,SODICOM-CI
Cote d'Ivoire,SOUTHDIV,ABIDJAN,SOUTH2,ABIDJAN 2,Yopougon 1,SBLE,MILLIONNAIRE,SODICOM-CI
Cote d'Ivoire,SOUTHDIV,ABIDJAN,SOUTH2,ABIDJAN 2,Yopougon 1,SBLE,NOUVEAU QUARTIER,SODICOM-CI
Cote d'Ivoire,SOUTHDIV,ABIDJAN,SOUTH2,ABIDJAN 2,Yopougon 1,MILLI,YOPOUGON SABLE,SODICOM-CI
Cote d'Ivoire,SOUTHDIV,ABIDJAN,SOUTH2,ABIDJAN 2,Yopougon 1,MILLI,MILLIONNAIRE,SODICOM-CI
Cote d'Ivoire,SOUTHDIV,ABIDJAN,SOUTH2,ABIDJAN 2,Yopougon 1,MILLI,NOUVEAU QUARTIER,SODICOM-CI
Cote d'Ivoire,SOUTHDIV,ABIDJAN,SOUTH2,ABIDJAN 2,Yopougon 1,NGON,NIANGON NORD,SODICOM-CI
Cote d'Ivoire,SOUTHDIV,ABIDJAN,SOUTH2,ABIDJAN 2,Yopougon 1,NGON,SIDECI,SODICOM-CI
Cote d'Ivoire,SOUTHDIV,ABIDJAN,SOUTH2,ABIDJAN 2,Yopougon 1,TOROU,TOIT ROUGE,SODICOM-CI
Cote d'Ivoire,SOUTHDIV,ABIDJAN,SOUTH2,ABIDJAN 2,Yopougon 1,TOROU,LOKODJRO,SODICOM-CI
Cote d'Ivoire,SOUTHDIV,ABIDJAN,SOUTH2,ABIDJAN 2,Yopougon 1,TOROU,ATTECOUBE MOSSIKRO,SODICOM-CI
Cote d'Ivoire,SOUTHDIV,ABIDJAN,SOUTH2,ABIDJAN 2,Yopougon 1,LKOD,TOIT ROUGE,SODICOM-CI
Cote d'Ivoire,SOUTHDIV,ABIDJAN,SOUTH2,ABIDJAN 2,Yopougon 1,LKOD,LOKODJRO,SODICOM-CI
Cote d'Ivoire,SOUTHDIV,ABIDJAN,SOUTH2,ABIDJAN 2,Yopougon 1,LKOD,ATTECOUBE MOSSIKRO,SODICOM-CI
Cote d'Ivoire,SOUTHDIV,ABIDJAN,SOUTH2,ABIDJAN 2,Yopougon 2,NGOS,NIANGON SUD,SODICOM-CI
Cote d'Ivoire,SOUTHDIV,ABIDJAN,SOUTH2,ABIDJAN 2,Yopougon 2,NGOS,AZITO,SODICOM-CI
Cote d'Ivoire,SOUTHDIV,ABIDJAN,SOUTH2,ABIDJAN 2,Yopougon 2,AZTO,NIANGON SUD,SODICOM-CI
Cote d'Ivoire,SOUTHDIV,ABIDJAN,SOUTH2,ABIDJAN 2,Yopougon 2,AZTO,AZITO,SODICOM-CI
Cote d'Ivoire,SOUTHDIV,ABIDJAN,SOUTH2,ABIDJAN 2,Yopougon 2,KTE,KOUTÉ,SODICOM-CI
Cote d'Ivoire,SOUTHDIV,ABIDJAN,SOUTH2,ABIDJAN 2,Yopougon 2,KTE,PETIT TOIT ROUGE,SODICOM-CI
Cote d'Ivoire,SOUTHDIV,ABIDJAN,SOUTH2,ABIDJAN 2,Yopougon 2,KTE,BÉAGO,SODICOM-CI
Cote d'Ivoire,SOUTHDIV,ABIDJAN,SOUTH2,ABIDJAN 2,Yopougon 2,BEAG,KOUTÉ,SODICOM-CI
Cote d'Ivoire,SOUTHDIV,ABIDJAN,SOUTH2,ABIDJAN 2,Yopougon 2,BEAG,PETIT TOIT ROUGE,SODICOM-CI
Cote d'Ivoire,SOUTHDIV,ABIDJAN,SOUTH2,ABIDJAN 2,Yopougon 2,BEAG,BÉAGO,SODICOM-CI
Cote d'Ivoire,SOUTHDIV,ABIDJAN,SOUTH2,ABIDJAN 2,Yopougon 2,KWEI,KOWEIT,SODICOM-CI
Cote d'Ivoire,SOUTHDIV,ABIDJAN,SOUTH2,ABIDJAN 2,Yopougon 2,KWEI,SANTÉ,SODICOM-CI
Cote d'Ivoire,SOUTHDIV,ABIDJAN,SOUTH2,ABIDJAN 2,Yopougon 2,KWEI,ABOBO DOUMÉ,SODICOM-CI
Cote d'Ivoire,SOUTHDIV,ABIDJAN,SOUTH2,ABIDJAN 2,Yopougon 2,KWEI,AGBAYATÉ,SODICOM-CI
Cote d'Ivoire,SOUTHDIV,ABIDJAN,SOUTH2,ABIDJAN 2,Yopougon 2,YOPS,KOWEIT,SODICOM-CI
Cote d'Ivoire,SOUTHDIV,ABIDJAN,SOUTH2,ABIDJAN 2,Yopougon 2,YOPS,YOPOUGON SANTÉ,SODICOM-CI
Cote d'Ivoire,SOUTHDIV,ABIDJAN,SOUTH2,ABIDJAN 2,Yopougon 2,YOPS,ABOBO DOUMÉ,SODICOM-CI
Cote d'Ivoire,SOUTHDIV,ABIDJAN,SOUTH2,ABIDJAN 2,Yopougon 2,YOPS,AGBAYATÉ,SODICOM-CI
Cote d'Ivoire,SOUTHDIV,ABIDJAN,SOUTH2,ABIDJAN 2,Yopougon 3,ADKOI,ANDOKOI,NOUVEAUX DISTRIBUTEURS ASSOCIES
Cote d'Ivoire,SOUTHDIV,ABIDJAN,SOUTH2,ABIDJAN 2,Yopougon 3,ADKOI,UNIWAX,NOUVEAUX DISTRIBUTEURS ASSOCIES
Cote d'Ivoire,SOUTHDIV,ABIDJAN,SOUTH2,ABIDJAN 2,Yopougon 3,ADKOI,CRF ZONE,NOUVEAUX DISTRIBUTEURS ASSOCIES
Cote d'Ivoire,SOUTHDIV,ABIDJAN,SOUTH2,ABIDJAN 2,Yopougon 3,ADKOI,PRISON CIVILE,NOUVEAUX DISTRIBUTEURS ASSOCIES
Cote d'Ivoire,SOUTHDIV,ABIDJAN,SOUTH2,ABIDJAN 2,Yopougon 3,ADKOI,SODEFOR ET CITÉ ADO,NOUVEAUX DISTRIBUTEURS ASSOCIES
Cote d'Ivoire,SOUTHDIV,ABIDJAN,SOUTH2,ABIDJAN 2,Yopougon 3,ZNEIND,ZONE INDUSTRIELLE,NOUVEAUX DISTRIBUTEURS ASSOCIES
Cote d'Ivoire,SOUTHDIV,ABIDJAN,SOUTH2,ABIDJAN 2,Yopougon 3,ZNEIND,MICAO,NOUVEAUX DISTRIBUTEURS ASSOCIES
Cote d'Ivoire,SOUTHDIV,ABIDJAN,SOUTH2,ABIDJAN 2,Yopougon 3,ZNEIND,GESCO FOURRIÈRE,NOUVEAUX DISTRIBUTEURS ASSOCIES
Cote d'Ivoire,SOUTHDIV,ABIDJAN,SOUTH2,ABIDJAN 2,Yopougon 3,ZNEIND,PK22,NOUVEAUX DISTRIBUTEURS ASSOCIES
Cote d'Ivoire,SOUTHDIV,ABIDJAN,SOUTH2,ABIDJAN 2,Yopougon 3,ZNEIND,SIKENSI,NOUVEAUX DISTRIBUTEURS ASSOCIES
Cote d'Ivoire,SOUTHDIV,ABIDJAN,SOUTH2,ABIDJAN 2,Yopougon 3,ZNEIND,ATTINGUÉ,NOUVEAUX DISTRIBUTEURS ASSOCIES
Cote d'Ivoire,SOUTHDIV,ABIDJAN,SOUTH2,ABIDJAN 2,Yopougon 3,MCAO,ANDOKOI,NOUVEAUX DISTRIBUTEURS ASSOCIES
Cote d'Ivoire,SOUTHDIV,ABIDJAN,SOUTH2,ABIDJAN 2,Yopougon 3,MCAO,UNIWAX,NOUVEAUX DISTRIBUTEURS ASSOCIES
Cote d'Ivoire,SOUTHDIV,ABIDJAN,SOUTH2,ABIDJAN 2,Yopougon 3,MCAO,ZONE INDUSTRIELLE,NOUVEAUX DISTRIBUTEURS ASSOCIES
Cote d'Ivoire,SOUTHDIV,ABIDJAN,SOUTH2,ABIDJAN 2,Yopougon 3,MCAO,MICAO GESCO FOURRIÈRE,NOUVEAUX DISTRIBUTEURS ASSOCIES
Cote d'Ivoire,SOUTHDIV,ABIDJAN,SOUTH2,ABIDJAN 2,Yopougon 3,MCAO,PRISON CIVILE,NOUVEAUX DISTRIBUTEURS ASSOCIES
Cote d'Ivoire,SOUTHDIV,ABIDJAN,SOUTH2,ABIDJAN 2,Yopougon 3,MCAO,SODEFOR,NOUVEAUX DISTRIBUTEURS ASSOCIES
Cote d'Ivoire,SOUTHDIV,ABIDJAN,SOUTH2,ABIDJAN 2,Yopougon 3,MCAO,CITÉ ADO......,NOUVEAUX DISTRIBUTEURS ASSOCIES
Cote d'Ivoire,SOUTHDIV,ABIDJAN,SOUTH2,ABIDJAN 2,Yopougon 3,GSCO,ANDOKOI,NOUVEAUX DISTRIBUTEURS ASSOCIES
Cote d'Ivoire,SOUTHDIV,ABIDJAN,SOUTH2,ABIDJAN 2,Yopougon 3,GSCO,UNIWAX,NOUVEAUX DISTRIBUTEURS ASSOCIES
Cote d'Ivoire,SOUTHDIV,ABIDJAN,SOUTH2,ABIDJAN 2,Yopougon 3,GSCO,ZONE INDUSTRIELLE,NOUVEAUX DISTRIBUTEURS ASSOCIES
Cote d'Ivoire,SOUTHDIV,ABIDJAN,SOUTH2,ABIDJAN 2,Yopougon 3,GSCO,MICAO,NOUVEAUX DISTRIBUTEURS ASSOCIES
Cote d'Ivoire,SOUTHDIV,ABIDJAN,SOUTH2,ABIDJAN 2,Yopougon 3,GSCO,GESCO FOURRIÈRE,NOUVEAUX DISTRIBUTEURS ASSOCIES
Cote d'Ivoire,SOUTHDIV,ABIDJAN,SOUTH2,ABIDJAN 2,Yopougon 3,GSCO,PRISON CIVILE,NOUVEAUX DISTRIBUTEURS ASSOCIES
Cote d'Ivoire,SOUTHDIV,ABIDJAN,SOUTH2,ABIDJAN 2,Yopougon 3,GSCO,SODEFOR ET CITÉ ADO....,NOUVEAUX DISTRIBUTEURS ASSOCIES
Cote d'Ivoire,SOUTHDIV,ABIDJAN,SOUTH2,ABIDJAN 2,Yopougon 3,SPOREXBANCO2/ ABOULAYE DIALLO/ ANANE,SIPOREX,NOUVEAUX DISTRIBUTEURS ASSOCIES
Cote d'Ivoire,SOUTHDIV,ABIDJAN,SOUTH2,ABIDJAN 2,Yopougon 3,SPOREXBANCO2/ ABOULAYE DIALLO/ ANANE,BANCO2,NOUVEAUX DISTRIBUTEURS ASSOCIES
Cote d'Ivoire,SOUTHDIV,ABIDJAN,SOUTH2,ABIDJAN 2,Yopougon 3,SPOREXBANCO2/ ABOULAYE DIALLO/ ANANE,ABOULAYE DIALLO,NOUVEAUX DISTRIBUTEURS ASSOCIES
Cote d'Ivoire,SOUTHDIV,ABIDJAN,SOUTH2,ABIDJAN 2,Yopougon 3,SPOREXBANCO2/ ABOULAYE DIALLO/ ANANE,ANANERAIE,NOUVEAUX DISTRIBUTEURS ASSOCIES
Cote d'Ivoire,SOUTHDIV,ABIDJAN,SOUTH2,ABIDJAN 2,Yopougon 3,SPOREXBANCO2/ ABOULAYE DIALLO/ ANANE,MAMIE ADJOUA,NOUVEAUX DISTRIBUTEURS ASSOCIES
Cote d'Ivoire,SOUTHDIV,ABIDJAN,SOUTH2,ABIDJAN 2,Yopougon 3,SPOREXBANCO2/ ABOULAYE DIALLO/ ANANE,PORT BOUET 2,NOUVEAUX DISTRIBUTEURS ASSOCIES
Cote d'Ivoire,SOUTHDIV,ABIDJAN,SOUTH2,ABIDJAN 2,Yopougon 3,SPOREXBANCO2/ ABOULAYE DIALLO/ ANANE,CRF CHU,NOUVEAUX DISTRIBUTEURS ASSOCIES
Cote d'Ivoire,SOUTHDIV,ABIDJAN,SOUTH2,ABIDJAN 2,Yopougon 3,SPOREXBANCO2/ ABOULAYE DIALLO/ ANANE,MOSQUÉE KOUDOUS,NOUVEAUX DISTRIBUTEURS ASSOCIES
Cote d'Ivoire,SOUTHDIV,ABIDJAN,SOUTH2,ABIDJAN 2,Yopougon 3,PRTBOU,PORT BOUET 2,NOUVEAUX DISTRIBUTEURS ASSOCIES
Cote d'Ivoire,SOUTHDIV,ABIDJAN,SOUTH2,ABIDJAN 2,Yopougon 3,PRTBOU,CRF CHU,NOUVEAUX DISTRIBUTEURS ASSOCIES
Cote d'Ivoire,SOUTHDIV,ABIDJAN,SOUTH2,ABIDJAN 2,Yopougon 3,PRTBOU,MOSQUÉE KOUDOUS,NOUVEAUX DISTRIBUTEURS ASSOCIES
Cote d'Ivoire,SOUTHDIV,ABIDJAN,SOUTH2,ABIDJAN 2,Yopougon 3,PRTBOU,ANANERAIE,NOUVEAUX DISTRIBUTEURS ASSOCIES
Cote d'Ivoire,SOUTHDIV,ABIDJAN,SOUTH2,ABIDJAN 2,Yopougon 3,PRTBOU,FUSCOM PORT BOUET 2,NOUVEAUX DISTRIBUTEURS ASSOCIES
Cote d'Ivoire,SOUTHDIV,ABIDJAN,SOUTH2,ABIDJAN 2,Yopougon 3,PRTBOU,RD POINT GESCO,NOUVEAUX DISTRIBUTEURS ASSOCIES
Cote d'Ivoire,SOUTHDIV,ABIDJAN,SOUTH2,ABIDJAN 2,Yopougon 3,AANERAIEANANERAI,ANANERAIE,NOUVEAUX DISTRIBUTEURS ASSOCIES
Cote d'Ivoire,SOUTHDIV,ABIDJAN,SOUTH2,ABIDJAN 2,Yopougon 3,AANERAIEANANERAI,GESCO RD POINT,NOUVEAUX DISTRIBUTEURS ASSOCIES
Cote d'Ivoire,SOUTHDIV,ABIDJAN,SOUTH2,ABIDJAN 2,Yopougon 3,AANERAIEANANERAI,BATIM,NOUVEAUX DISTRIBUTEURS ASSOCIES
Cote d'Ivoire,SOUTHDIV,ABIDJAN,SOUTH2,ABIDJAN 2,Yopougon 3,AANERAIEANANERAI,MAMIE ADJOUA,NOUVEAUX DISTRIBUTEURS ASSOCIES
Cote d'Ivoire,SOUTHDIV,ABIDJAN,SOUTH2,ABIDJAN 2,Yopougon 4,LBAFRIQUEJATARK,LUBAFRIQUE,NOUVEAUX DISTRIBUTEURS ASSOCIES
Cote d'Ivoire,SOUTHDIV,ABIDJAN,SOUTH2,ABIDJAN 2,Yopougon 4,LBAFRIQUEJATARK,JATARK,NOUVEAUX DISTRIBUTEURS ASSOCIES
Cote d'Ivoire,SOUTHDIV,ABIDJAN,SOUTH2,ABIDJAN 2,Yopougon 4,LBAFRIQUEJATARK,LOKOA,NOUVEAUX DISTRIBUTEURS ASSOCIES
Cote d'Ivoire,SOUTHDIV,ABIDJAN,SOUTH2,ABIDJAN 2,Yopougon 4,LBAFRIQUEJATARK,CITÉ VERTE,NOUVEAUX DISTRIBUTEURS ASSOCIES
Cote d'Ivoire,SOUTHDIV,ABIDJAN,SOUTH2,ABIDJAN 2,Yopougon 4,LBAFRIQUEJATARK,BAGNON,NOUVEAUX DISTRIBUTEURS ASSOCIES
Cote d'Ivoire,SOUTHDIV,ABIDJAN,SOUTH2,ABIDJAN 2,Yopougon 4,LBAFRIQUEJATARK,LIÈVRE ROUGE,NOUVEAUX DISTRIBUTEURS ASSOCIES
Cote d'Ivoire,SOUTHDIV,ABIDJAN,SOUTH2,ABIDJAN 2,Yopougon 4,LBAFRIQUEJATARK,KM17,NOUVEAUX DISTRIBUTEURS ASSOCIES
Cote d'Ivoire,SOUTHDIV,ABIDJAN,SOUTH2,ABIDJAN 2,Yopougon 4,LBAFRIQUEJATARK,BIMBRESSO,NOUVEAUX DISTRIBUTEURS ASSOCIES
Cote d'Ivoire,SOUTHDIV,ABIDJAN,SOUTH2,ABIDJAN 2,Yopougon 4,CNEO,MATY,NOUVEAUX DISTRIBUTEURS ASSOCIES
Cote d'Ivoire,SOUTHDIV,ABIDJAN,SOUTH2,ABIDJAN 2,Yopougon 4,CNEO,CANARI,NOUVEAUX DISTRIBUTEURS ASSOCIES
Cote d'Ivoire,SOUTHDIV,ABIDJAN,SOUTH2,ABIDJAN 2,Yopougon 4,CNEO,ANTENNE,NOUVEAUX DISTRIBUTEURS ASSOCIES
Cote d'Ivoire,SOUTHDIV,ABIDJAN,SOUTH2,ABIDJAN 2,Yopougon 4,CNEO,SICOGI ATTIÉ,NOUVEAUX DISTRIBUTEURS ASSOCIES
Cote d'Ivoire,SOUTHDIV,ABIDJAN,SOUTH2,ABIDJAN 2,Yopougon 4,CNEO,NIANGON À DROITE,NOUVEAUX DISTRIBUTEURS ASSOCIES
Cote d'Ivoire,SOUTHDIV,ABIDJAN,SOUTH2,ABIDJAN 2,Yopougon 4,CNEO,NIANGON CONTINUE,NOUVEAUX DISTRIBUTEURS ASSOCIES
Cote d'Ivoire,SOUTHDIV,ABIDJAN,SOUTH2,ABIDJAN 2,Yopougon 4,CNEO,CITÉ EECI,NOUVEAUX DISTRIBUTEURS ASSOCIES
Cote d'Ivoire,SOUTHDIV,ABIDJAN,SOUTH2,ABIDJAN 2,Yopougon 4,KBIM,KM17,NOUVEAUX DISTRIBUTEURS ASSOCIES
Cote d'Ivoire,SOUTHDIV,ABIDJAN,SOUTH2,ABIDJAN 2,Yopougon 4,KBIM,BIMBRESSO,NOUVEAUX DISTRIBUTEURS ASSOCIES
Cote d'Ivoire,SOUTHDIV,ABIDJAN,SOUTH2,ABIDJAN 2,Yopougon 4,KBIM,́JATARK,NOUVEAUX DISTRIBUTEURS ASSOCIES
Cote d'Ivoire,SOUTHDIV,ABIDJAN,SOUTH2,ABIDJAN 2,Yopougon 4,KBIM,LOKOA CITÉ VERTE,NOUVEAUX DISTRIBUTEURS ASSOCIES
Cote d'Ivoire,SOUTHDIV,ABIDJAN,SOUTH2,ABIDJAN 2,Yopougon 4,KBIM,LIÈVRE ROUGE,NOUVEAUX DISTRIBUTEURS ASSOCIES
Cote d'Ivoire,SOUTHDIV,ABIDJAN,SOUTH2,ABIDJAN 2,Yopougon 4,DCCO,SICOGI ATTIÉ,NOUVEAUX DISTRIBUTEURS ASSOCIES
Cote d'Ivoire,SOUTHDIV,ABIDJAN,SOUTH2,ABIDJAN 2,Yopougon 4,DCCO,ST ANDRÉ CÔTÉ DROIT,NOUVEAUX DISTRIBUTEURS ASSOCIES
Cote d'Ivoire,SOUTHDIV,ABIDJAN,SOUTH2,ABIDJAN 2,Yopougon 4,DCCO,PMI,NOUVEAUX DISTRIBUTEURS ASSOCIES
Cote d'Ivoire,SOUTHDIV,ABIDJAN,SOUTH2,ABIDJAN 2,Yopougon 4,DCCO,AIMÉ CESAIRE,NOUVEAUX DISTRIBUTEURS ASSOCIES
Cote d'Ivoire,SOUTHDIV,ABIDJAN,SOUTH2,ABIDJAN 2,Yopougon 4,DCCO,BON PRIX,NOUVEAUX DISTRIBUTEURS ASSOCIES
Cote d'Ivoire,SOUTHDIV,ABIDJAN,SOUTH2,ABIDJAN 2,Yopougon 4,DCCO,CRF BOBY & POLICIER CÔTÉ DROIT,NOUVEAUX DISTRIBUTEURS ASSOCIES
Cote d'Ivoire,SOUTHDIV,ABIDJAN,SOUTH2,ABIDJAN 2,Yopougon 4,DCCO,BAR ECLA,NOUVEAUX DISTRIBUTEURS ASSOCIES
Cote d'Ivoire,SOUTHDIV,ABIDJAN,SOUTH2,ABIDJAN 2,Yopougon 4,TRMINUSNUS,TERMINUS 47 SECTEUR DROIT,NOUVEAUX DISTRIBUTEURS ASSOCIES
Cote d'Ivoire,SOUTHDIV,ABIDJAN,SOUTH2,ABIDJAN 2,Yopougon 4,TRMINUSNUS,SICOGI PMI,NOUVEAUX DISTRIBUTEURS ASSOCIES
Cote d'Ivoire,SOUTHDIV,ABIDJAN,SOUTH2,ABIDJAN 2,Yopougon 4,TRMINUSNUS,TIKEN DJA,NOUVEAUX DISTRIBUTEURS ASSOCIES
Cote d'Ivoire,SOUTHDIV,ABIDJAN,SOUTH2,ABIDJAN 2,Yopougon 4,TRMINUSNUS,BMW,NOUVEAUX DISTRIBUTEURS ASSOCIES
Cote d'Ivoire,SOUTHDIV,ABIDJAN,SOUTH2,ABIDJAN 2,Yopougon 4,TRMINUSNUS,KIMI,NOUVEAUX DISTRIBUTEURS ASSOCIES
Cote d'Ivoire,SOUTHDIV,ABIDJAN,SOUTH2,ABIDJAN 2,Yopougon 4,AADÉMIEMIE,ACADÉMIE,NOUVEAUX DISTRIBUTEURS ASSOCIES
Cote d'Ivoire,SOUTHDIV,ABIDJAN,SOUTH2,ABIDJAN 2,Yopougon 4,AADÉMIEMIE,FIN GOUDRON,NOUVEAUX DISTRIBUTEURS ASSOCIES
Cote d'Ivoire,SOUTHDIV,ABIDJAN,SOUTH2,ABIDJAN 2,Yopougon 4,AADÉMIEMIE,PAYS BAS,NOUVEAUX DISTRIBUTEURS ASSOCIES
Cote d'Ivoire,SOUTHDIV,ABIDJAN,SOUTH2,ABIDJAN 2,Yopougon 4,AADÉMIEMIE,CAISTAB,NOUVEAUX DISTRIBUTEURS ASSOCIES
Cote d'Ivoire,SOUTHDIV,ABIDJAN,SOUTH2,ABIDJAN 2,Yopougon 4,AADÉMIEMIE,CITÉ LAURIER,NOUVEAUX DISTRIBUTEURS ASSOCIES
Cote d'Ivoire,SOUTHDIV,ABIDJAN,SOUTH2,ABIDJAN 2,Yopougon 4,AADÉMIEMIE,CITÉ VERTE,NOUVEAUX DISTRIBUTEURS ASSOCIES
Cote d'Ivoire,SOUTHDIV,ABIDJAN,SOUTH2,ABIDJAN 2,Yopougon 4,MROCAN,MAROC,NOUVEAUX DISTRIBUTEURS ASSOCIES
Cote d'Ivoire,SOUTHDIV,ABIDJAN,SOUTH2,ABIDJAN 2,Yopougon 4,MROCAN,ANANERAIE,NOUVEAUX DISTRIBUTEURS ASSOCIES
Cote d'Ivoire,SOUTHDIV,ABIDJAN,SOUTH2,ABIDJAN 2,Yopougon 4,MROCAN,PORT BOUET 2,NOUVEAUX DISTRIBUTEURS ASSOCIES
Cote d'Ivoire,SOUTHDIV,ABIDJAN,SOUTH2,ABIDJAN 2,Yopougon 4,MROCAN,LUBAFRIQUE,NOUVEAUX DISTRIBUTEURS ASSOCIES
Cote d'Ivoire,SOUTHDIV,ABIDJAN,SOUTH2,ABIDJAN 2,Yopougon 4,MROCAN,NIANGON À DROITE,NOUVEAUX DISTRIBUTEURS ASSOCIES
Cote d'Ivoire,SOUTHDIV,ABIDJAN,SOUTH2,ABIDJAN 2,Yopougon 4,MROCAN,TEXACO À DROITE,NOUVEAUX DISTRIBUTEURS ASSOCIES
Cote d'Ivoire,SOUTHDIV,ABIDJAN,SOUTH2,ABIDJAN 2,Dabou,SNGONN,SONGON,NOUVEAUX DISTRIBUTEURS ASSOCIES
Cote d'Ivoire,SOUTHDIV,ABIDJAN,SOUTH2,ABIDJAN 2,Dabou,SNGONN,N’DJEM,NOUVEAUX DISTRIBUTEURS ASSOCIES
Cote d'Ivoire,SOUTHDIV,ABIDJAN,SOUTH2,ABIDJAN 2,Dabou,SNGONN,CARREFOUR JACQUESVILLE,NOUVEAUX DISTRIBUTEURS ASSOCIES
Cote d'Ivoire,SOUTHDIV,ABIDJAN,SOUTH2,ABIDJAN 2,Dabou,SNGONN,JACQUESVILLE VILLE,NOUVEAUX DISTRIBUTEURS ASSOCIES
Cote d'Ivoire,SOUTHDIV,ABIDJAN,SOUTH2,ABIDJAN 2,Dabou,SNGONN,DABOU,NOUVEAUX DISTRIBUTEURS ASSOCIES
Cote d'Ivoire,SOUTHDIV,ABIDJAN,SOUTH2,ABIDJAN 2,Dabou,SNGONN,N’ZEKREZESSOU....,NOUVEAUX DISTRIBUTEURS ASSOCIES
Cote d'Ivoire,SOUTHDIV,ABIDJAN,SOUTH2,ABIDJAN 2,Dabou,GANDLA,GRAND LAHOU,NOUVEAUX DISTRIBUTEURS ASSOCIES
Cote d'Ivoire,SOUTHDIV,ABIDJAN,SOUTH2,ABIDJAN 2,Dabou,GANDLA,CRF GRAND LAHOU,NOUVEAUX DISTRIBUTEURS ASSOCIES
Cote d'Ivoire,SOUTHDIV,ABIDJAN,SOUTH2,ABIDJAN 2,Dabou,GANDLA,CRF FRESCO,NOUVEAUX DISTRIBUTEURS ASSOCIES
Cote d'Ivoire,SOUTHDIV,ABIDJAN,SOUTH2,ABIDJAN 2,Dabou,GANDLA,FRESCO VILLE ET PÉRIPHÉRIES,NOUVEAUX DISTRIBUTEURS ASSOCIES
Cote d'Ivoire,SOUTHDIV,ABIDJAN,SOUTH2,ABIDJAN 2,Dabou,DBOUVI,DABOU VILLE,NOUVEAUX DISTRIBUTEURS ASSOCIES
Cote d'Ivoire,SOUTHDIV,ABIDJAN,SOUTH2,ABIDJAN 2,Dabou,DBOUVI,SONGON,NOUVEAUX DISTRIBUTEURS ASSOCIES
Cote d'Ivoire,SOUTHDIV,ABIDJAN,SOUTH2,ABIDJAN 2,Dabou,DBOUVI,CARREFOUR JACQUESVILLE....,NOUVEAUX DISTRIBUTEURS ASSOCIES
Cote d'Ivoire,SOUTHDIV,ABIDJAN,SOUTH2,ABIDJAN 2,Dabou,SNGON,SONGON,NOUVEAUX DISTRIBUTEURS ASSOCIES
Cote d'Ivoire,SOUTHDIV,ABIDJAN,SOUTH2,ABIDJAN 2,Dabou,SNGON,CARREFOUR JACQUESVILLE,NOUVEAUX DISTRIBUTEURS ASSOCIES
Cote d'Ivoire,SOUTHDIV,ABIDJAN,SOUTH2,ABIDJAN 2,Dabou,SNGON,JACQUESVILLE,NOUVEAUX DISTRIBUTEURS ASSOCIES
Cote d'Ivoire,SOUTHDIV,ABIDJAN,SOUTH2,ABIDJAN 2,Dabou,SNGON,DABOU,NOUVEAUX DISTRIBUTEURS ASSOCIES
Cote d'Ivoire,SOUTHDIV,ABIDJAN,SOUTH2,ABIDJAN 2,Dabou,SNGON,GRAND LAHOU,NOUVEAUX DISTRIBUTEURS ASSOCIES
Cote d'Ivoire,SOUTHDIV,ABIDJAN,SOUTH2,ABIDJAN 2,Dabou,SNGON,FRESCO,NOUVEAUX DISTRIBUTEURS ASSOCIES
Cote d'Ivoire,SOUTHDIV,ABIDJAN,SOUTH2,ABIDJAN 2,Abobo 1,DKUI,DOKUI,ETABLISSEMENT NIARE & FRERES
Cote d'Ivoire,SOUTHDIV,ABIDJAN,SOUTH2,ABIDJAN 2,Abobo 1,DKUI,ANADOR,ETABLISSEMENT NIARE & FRERES
Cote d'Ivoire,SOUTHDIV,ABIDJAN,SOUTH2,ABIDJAN 2,Abobo 1,DKUI,COCO SERVICE DERRIÈRE UNIVERSITÉ ABOBO,ETABLISSEMENT NIARE & FRERES
Cote d'Ivoire,SOUTHDIV,ABIDJAN,SOUTH2,ABIDJAN 2,Abobo 1,DKUI,ADJAMÉ,ETABLISSEMENT NIARE & FRERES
Cote d'Ivoire,SOUTHDIV,ABIDJAN,SOUTH2,ABIDJAN 2,Abobo 1,DKUI,ALEPE,ETABLISSEMENT NIARE & FRERES
Cote d'Ivoire,SOUTHDIV,ABIDJAN,SOUTH2,ABIDJAN 2,Abobo 1,AOCATIERAVOCATIE,AVOCATIER,ETABLISSEMENT NIARE & FRERES
Cote d'Ivoire,SOUTHDIV,ABIDJAN,SOUTH2,ABIDJAN 2,Abobo 1,AOCATIERAVOCATIE,BC AUTOUTE,ETABLISSEMENT NIARE & FRERES
Cote d'Ivoire,SOUTHDIV,ABIDJAN,SOUTH2,ABIDJAN 2,Abobo 1,AOCATIERAVOCATIE,NOUVELLE GARE,ETABLISSEMENT NIARE & FRERES
Cote d'Ivoire,SOUTHDIV,ABIDJAN,SOUTH2,ABIDJAN 2,Abobo 1,AOCATIERAVOCATIE,AGNISSANKOI,ETABLISSEMENT NIARE & FRERES
Cote d'Ivoire,SOUTHDIV,ABIDJAN,SOUTH2,ABIDJAN 2,Abobo 1,AOCATIERAVOCATIE,BC,ETABLISSEMENT NIARE & FRERES
Cote d'Ivoire,SOUTHDIV,ABIDJAN,SOUTH2,ABIDJAN 2,Abobo 1,SMANKEKE,SAMANKE,ETABLISSEMENT NIARE & FRERES
Cote d'Ivoire,SOUTHDIV,ABIDJAN,SOUTH2,ABIDJAN 2,Abobo 1,SMANKEKE,KOLETCHA,ETABLISSEMENT NIARE & FRERES
Cote d'Ivoire,SOUTHDIV,ABIDJAN,SOUTH2,ABIDJAN 2,Abobo 1,SMANKEKE,ABOBO BAOULE,ETABLISSEMENT NIARE & FRERES
Cote d'Ivoire,SOUTHDIV,ABIDJAN,SOUTH2,ABIDJAN 2,Abobo 1,SMANKEKE,BIABOU,ETABLISSEMENT NIARE & FRERES
Cote d'Ivoire,SOUTHDIV,ABIDJAN,SOUTH2,ABIDJAN 2,Abobo 1,AEIKOIOI,AKEIKOI,ETABLISSEMENT NIARE & FRERES
Cote d'Ivoire,SOUTHDIV,ABIDJAN,SOUTH2,ABIDJAN 2,Abobo 1,AEIKOIOI,HABITAT,ETABLISSEMENT NIARE & FRERES
Cote d'Ivoire,SOUTHDIV,ABIDJAN,SOUTH2,ABIDJAN 2,Abobo 1,AEIKOIOI,AGBEKOI,ETABLISSEMENT NIARE & FRERES
Cote d'Ivoire,SOUTHDIV,ABIDJAN,SOUTH2,ABIDJAN 2,Abobo 1,AEIKOIOI,HOUPHOUT BOIGNY,ETABLISSEMENT NIARE & FRERES
Cote d'Ivoire,SOUTHDIV,ABIDJAN,SOUTH2,ABIDJAN 2,Abobo 1,LCEEMO,LYCEE MODERNE,ETABLISSEMENT NIARE & FRERES
Cote d'Ivoire,SOUTHDIV,ABIDJAN,SOUTH2,ABIDJAN 2,Abobo 1,LCEEMO,ETOILE,ETABLISSEMENT NIARE & FRERES
Cote d'Ivoire,SOUTHDIV,ABIDJAN,SOUTH2,ABIDJAN 2,Abobo 1,LCEEMO,GENDARMERIE,ETABLISSEMENT NIARE & FRERES
Cote d'Ivoire,SOUTHDIV,ABIDJAN,SOUTH2,ABIDJAN 2,Abobo 1,LCEEMO,BON PRIX GENDARMERIE,ETABLISSEMENT NIARE & FRERES
Cote d'Ivoire,SOUTHDIV,ABIDJAN,SOUTH2,ABIDJAN 2,Abobo 1,LCEEMO,CHATTONS,ETABLISSEMENT NIARE & FRERES
Cote d'Ivoire,SOUTHDIV,ABIDJAN,SOUTH2,ABIDJAN 2,Abobo 1,CTEPOL,CITE POLICIERE,ETABLISSEMENT NIARE & FRERES
Cote d'Ivoire,SOUTHDIV,ABIDJAN,SOUTH2,ABIDJAN 2,Abobo 1,CTEPOL,CAMP COMMANDO,ETABLISSEMENT NIARE & FRERES
Cote d'Ivoire,SOUTHDIV,ABIDJAN,SOUTH2,ABIDJAN 2,Abobo 1,CTEPOL,CNPS,ETABLISSEMENT NIARE & FRERES
Cote d'Ivoire,SOUTHDIV,ABIDJAN,SOUTH2,ABIDJAN 2,Abobo 1,CTEPOL,AVENUE KAZA,ETABLISSEMENT NIARE & FRERES
Cote d'Ivoire,SOUTHDIV,ABIDJAN,SOUTH2,ABIDJAN 2,Abobo 1,CTEPOL,COLATIER,ETABLISSEMENT NIARE & FRERES
Cote d'Ivoire,SOUTHDIV,ABIDJAN,SOUTH2,ABIDJAN 2,Abobo 1,AOBOGA,ABOBO GARE,ETABLISSEMENT NIARE & FRERES
Cote d'Ivoire,SOUTHDIV,ABIDJAN,SOUTH2,ABIDJAN 2,Abobo 1,AOBOGA,MAIRIE,ETABLISSEMENT NIARE & FRERES
Cote d'Ivoire,SOUTHDIV,ABIDJAN,SOUTH2,ABIDJAN 2,Abobo 2,MSQUEB,MOSQUE BLANCHE,LKA SERVICES
Cote d'Ivoire,SOUTHDIV,ABIDJAN,SOUTH2,ABIDJAN 2,Abobo 2,MSQUEB,ANOKOUA KOUTE,LKA SERVICES
Cote d'Ivoire,SOUTHDIV,ABIDJAN,SOUTH2,ABIDJAN 2,Abobo 2,MSQUEB,MARAHOUE,LKA SERVICES
Cote d'Ivoire,SOUTHDIV,ABIDJAN,SOUTH2,ABIDJAN 2,Abobo 2,MSQUEB,AGRIPAC,LKA SERVICES
Cote d'Ivoire,SOUTHDIV,ABIDJAN,SOUTH2,ABIDJAN 2,Abobo 2,MSQUEB,MOSQUE BLANCHE,LKA SERVICES
Cote d'Ivoire,SOUTHDIV,ABIDJAN,SOUTH2,ABIDJAN 2,Abobo 2,MSQUEB,ANOKOUA KOUTE,LKA SERVICES
Cote d'Ivoire,SOUTHDIV,ABIDJAN,SOUTH2,ABIDJAN 2,Abobo 2,MSQUEB,MARAHOUE,LKA SERVICES
Cote d'Ivoire,SOUTHDIV,ABIDJAN,SOUTH2,ABIDJAN 2,Abobo 2,MSQUEB,AGRIPAC,LKA SERVICES
Cote d'Ivoire,SOUTHDIV,ABIDJAN,SOUTH2,ABIDJAN 2,Abobo 2,SDECIO,SODECI,LKA SERVICES
Cote d'Ivoire,SOUTHDIV,ABIDJAN,SOUTH2,ABIDJAN 2,Abobo 2,SDECIO,ONUCI,LKA SERVICES
Cote d'Ivoire,SOUTHDIV,ABIDJAN,SOUTH2,ABIDJAN 2,Abobo 2,SDECIO,SOTRAPIM,LKA SERVICES
Cote d'Ivoire,SOUTHDIV,ABIDJAN,SOUTH2,ABIDJAN 2,Abobo 2,SDECIO,CARREFOUR DIALLO,LKA SERVICES
Cote d'Ivoire,SOUTHDIV,ABIDJAN,SOUTH2,ABIDJAN 2,Abobo 2,SDECIO,TAXI BAGAGE,LKA SERVICES
Cote d'Ivoire,SOUTHDIV,ABIDJAN,SOUTH2,ABIDJAN 2,Abobo 2,SDECIO,SODECI,LKA SERVICES
Cote d'Ivoire,SOUTHDIV,ABIDJAN,SOUTH2,ABIDJAN 2,Abobo 2,SDECIO,ONUCI,LKA SERVICES
Cote d'Ivoire,SOUTHDIV,ABIDJAN,SOUTH2,ABIDJAN 2,Abobo 2,SDECIO,SOTRAPIM,LKA SERVICES
Cote d'Ivoire,SOUTHDIV,ABIDJAN,SOUTH2,ABIDJAN 2,Abobo 2,SDECIO,CARREFOUR DIALLO,LKA SERVICES
Cote d'Ivoire,SOUTHDIV,ABIDJAN,SOUTH2,ABIDJAN 2,Abobo 2,SDECIO,TAXI BAGAGE,LKA SERVICES
Cote d'Ivoire,SOUTHDIV,ABIDJAN,SOUTH2,ABIDJAN 2,Abobo 2,CACOCC,CMA,LKA SERVICES
Cote d'Ivoire,SOUTHDIV,ABIDJAN,SOUTH2,ABIDJAN 2,Abobo 2,CACOCC,COCCINELLE,LKA SERVICES
Cote d'Ivoire,SOUTHDIV,ABIDJAN,SOUTH2,ABIDJAN 2,Abobo 2,CACOCC,CONCORDE,LKA SERVICES
Cote d'Ivoire,SOUTHDIV,ABIDJAN,SOUTH2,ABIDJAN 2,Abobo 2,CACOCC,BOIS SEC,LKA SERVICES
Cote d'Ivoire,SOUTHDIV,ABIDJAN,SOUTH2,ABIDJAN 2,Abobo 2,CACOCC,DELICE DE FRANCE,LKA SERVICES
Cote d'Ivoire,SOUTHDIV,ABIDJAN,SOUTH2,ABIDJAN 2,Abobo 2,CACOCC,ANCIEN MARCHE,LKA SERVICES
Cote d'Ivoire,SOUTHDIV,ABIDJAN,SOUTH2,ABIDJAN 2,Abobo 2,CACOCC,UNICAFE,LKA SERVICES
Cote d'Ivoire,SOUTHDIV,ABIDJAN,SOUTH2,ABIDJAN 2,Abobo 2,CACOCC,FEU ENCIENNE GENDARMERIE,LKA SERVICES
Cote d'Ivoire,SOUTHDIV,ABIDJAN,SOUTH2,ABIDJAN 2,Anyama,ACIENNE,ANCIENNE GENDARMERIE,LKA SERVICES
Cote d'Ivoire,SOUTHDIV,ABIDJAN,SOUTH2,ABIDJAN 2,Anyama,ACIENNE,BELLE VILLE MORGUE,LKA SERVICES
Cote d'Ivoire,SOUTHDIV,ABIDJAN,SOUTH2,ABIDJAN 2,Anyama,ACIENNE,GARE,LKA SERVICES
Cote d'Ivoire,SOUTHDIV,ABIDJAN,SOUTH2,ABIDJAN 2,Anyama,ACIENNE,ADZOPE,LKA SERVICES
Cote d'Ivoire,SOUTHDIV,ABIDJAN,SOUTH2,ABIDJAN 2,Anyama,ACIENNE,AGBOVILLE,LKA SERVICES
Cote d'Ivoire,SOUTHDIV,ABIDJAN,SOUTH2,ABIDJAN 2,Anyama,CÄTEAU,CHÄTEAU,LKA SERVICES
Cote d'Ivoire,SOUTHDIV,ABIDJAN,SOUTH2,ABIDJAN 2,Anyama,CÄTEAU,MARCHE COLA,LKA SERVICES
Cote d'Ivoire,SOUTHDIV,ABIDJAN,SOUTH2,ABIDJAN 2,Anyama,CÄTEAU,MARCHE D'ANYAMA,LKA SERVICES
Cote d'Ivoire,SOUTHDIV,ABIDJAN,SOUTH2,ABIDJAN 2,Anyama,CÄTEAU,DON ORION,LKA SERVICES
Cote d'Ivoire,SOUTHDIV,ABIDJAN,SOUTH2,ABIDJAN 2,Anyama,CÄTEAU,AZAGUIE,LKA SERVICES
Cote d'Ivoire,SOUTHDIV,ABIDJAN,SOUTH2,ABIDJAN 2,Anyama,CÄTEAU,BILDA AZAGUIE AWA ATTINGUE,LKA SERVICES
Cote d'Ivoire,SOUTHDIV,ABIDJAN,SOUTH2,ABIDJAN 2,Anyama,AYAMAP,ANYAMA,LKA SERVICES
Cote d'Ivoire,SOUTHDIV,ABIDJAN,SOUTH2,ABIDJAN 2,Anyama,AYAMAP,PLAQUE ARABE,LKA SERVICES
Cote d'Ivoire,SOUTHDIV,ABIDJAN,SOUTH2,ABIDJAN 2,Anyama,AYAMAP,ANYAMA RESIDENTIEL,LKA SERVICES
Cote d'Ivoire,SOUTHDIV,ABIDJAN,SOUTH2,ABIDJAN 2,Anyama,AYAMAP,EBIMPE,LKA SERVICES
Cote d'Ivoire,SOUTHDIV,ABIDJAN,SOUTH2,ABIDJAN 2,Anyama,CÄTEAU,CHÄTEAU,LKA SERVICES
Cote d'Ivoire,SOUTHDIV,ABIDJAN,SOUTH2,ABIDJAN 2,Anyama,CÄTEAU,MARCHE COLA,LKA SERVICES
Cote d'Ivoire,SOUTHDIV,ABIDJAN,SOUTH2,ABIDJAN 2,Anyama,CÄTEAU,MARCHE D'ANYAMA,LKA SERVICES
Cote d'Ivoire,SOUTHDIV,ABIDJAN,SOUTH2,ABIDJAN 2,Anyama,CÄTEAU,DON ORION,LKA SERVICES
Cote d'Ivoire,SOUTHDIV,ABIDJAN,SOUTH2,ABIDJAN 2,Anyama,CÄTEAU,MACHE CHAKA KONE,LKA SERVICES
Cote d'Ivoire,SOUTHDIV,ABIDJAN,SOUTH2,ABIDJAN 2,Anyama,AEAUTO,AXE AUTOROUTE N'DOTRE,LKA SERVICES
Cote d'Ivoire,SOUTHDIV,ABIDJAN,SOUTH2,ABIDJAN 2,Anyama,AEAUTO,DANDI,LKA SERVICES
Cote d'Ivoire,SOUTHDIV,ABIDJAN,SOUTH2,ABIDJAN 2,Anyama,AEAUTO,COMPLEXE,LKA SERVICES
Cote d'Ivoire,SOUTHDIV,ABIDJAN,SOUTH2,ABIDJAN 2,Anyama,AEAUTO,MAIRIE,LKA SERVICES
Cote d'Ivoire,SOUTHDIV,ABIDJAN,SOUTH2,ABIDJAN 2,Anyama,ANCGEN,ANCIENNE GENDARMERIE,LKA SERVICES
Cote d'Ivoire,SOUTHDIV,ABIDJAN,SOUTH2,ABIDJAN 2,Anyama,ANCGEN,BELLE VILLE MORGUE,LKA SERVICES
Cote d'Ivoire,SOUTHDIV,ABIDJAN,SOUTH2,ABIDJAN 2,Anyama,ANCGEN,GARE,LKA SERVICES
Cote d'Ivoire,SOUTHDIV,ABIDJAN,SOUTH2,ABIDJAN 2,Anyama,BNDJIN1,BANDJI,LKA SERVICES
Cote d'Ivoire,SOUTHDIV,ABIDJAN,SOUTH2,ABIDJAN 2,Anyama,BNDJIN1,N'DOTRE EXTENSION,LKA SERVICES
Cote d'Ivoire,SOUTHDIV,ABIDJAN,SOUTH2,ABIDJAN 2,Anyama,BNDJIN1,CELESTE,LKA SERVICES
Cote d'Ivoire,SOUTHDIV,ABIDJAN,SOUTH2,ABIDJAN 2,Anyama,BNDJIN1,NOUVELLE CASSE,LKA SERVICES
Cote d'Ivoire,SOUTHDIV,ABIDJAN,SOUTH2,ABIDJAN 2,Anyama,BNDJIN1,ARC EN CIEL,LKA SERVICES
Cote d'Ivoire,SOUTHDIV,ABIDJAN,SOUTH2,ABIDJAN 2,Anyama,BNDJIN1,DANDY,LKA SERVICES
Cote d'Ivoire,SOUTHDIV,ABIDJAN,SOUTH2,ABIDJAN 2,Anyama,BNDJIN1,KOBAKRO,LKA SERVICES
Cote d'Ivoire,SOUTHDIV,ABIDJAN,SOUTH2,ABIDJAN 2,Anyama,BNDJIN1,TERRE ROUGE,LKA SERVICES
Cote d'Ivoire,SOUTHDIV,ABIDJAN,SOUTH2,ABIDJAN 2,Anyama,BNDJIN1,AKWABA,LKA SERVICES
Cote d'Ivoire,SOUTHDIV,ABIDJAN,SOUTH2,ABIDJAN 2,Anyama,BNDJIN2,BANDJI,LKA SERVICES
Cote d'Ivoire,SOUTHDIV,ABIDJAN,SOUTH2,ABIDJAN 2,Anyama,BNDJIN2,N'DOTRE EXTENSION,LKA SERVICES
Cote d'Ivoire,SOUTHDIV,ABIDJAN,SOUTH2,ABIDJAN 2,Anyama,BNDJIN2,CELESTE,LKA SERVICES
Cote d'Ivoire,SOUTHDIV,ABIDJAN,SOUTH2,ABIDJAN 2,Anyama,BNDJIN2,NOUVELLE CASSE,LKA SERVICES
Cote d'Ivoire,SOUTHDIV,ABIDJAN,SOUTH2,ABIDJAN 2,Anyama,BNDJIN2,ARC EN CIEL,LKA SERVICES
Cote d'Ivoire,SOUTHDIV,ABIDJAN,SOUTH2,ABIDJAN 2,Anyama,BNDJIN2,DANDY,LKA SERVICES
Cote d'Ivoire,SOUTHDIV,ABIDJAN,SOUTH2,ABIDJAN 2,Anyama,BNDJIN2,KOBAKRO,LKA SERVICES
Cote d'Ivoire,SOUTHDIV,ABIDJAN,SOUTH2,ABIDJAN 2,Anyama,BNDJIN2,TERRE ROUGE,LKA SERVICES
Cote d'Ivoire,SOUTHDIV,ABIDJAN,SOUTH2,ABIDJAN 2,Anyama,BNDJIN2,AKWABA,LKA SERVICES
Cote d'Ivoire,SOUTHDIV,ABIDJAN,SOUTH2,ABIDJAN 2,Adjame,20LGTSLGTS,220LGTS,BOUSSOURA SARL
Cote d'Ivoire,SOUTHDIV,ABIDJAN,SOUTH2,ABIDJAN 2,Adjame,20LGTSLGTS,LIBERTÉ,BOUSSOURA SARL
Cote d'Ivoire,SOUTHDIV,ABIDJAN,SOUTH2,ABIDJAN 2,Adjame,20LGTSLGTS,QUARTIER LATIN,BOUSSOURA SARL
Cote d'Ivoire,SOUTHDIV,ABIDJAN,SOUTH2,ABIDJAN 2,Adjame,20LGTSLGTS,BRACODI,BOUSSOURA SARL
Cote d'Ivoire,SOUTHDIV,ABIDJAN,SOUTH2,ABIDJAN 2,Adjame,20LGTSLGTS,TERRASSE,BOUSSOURA SARL
Cote d'Ivoire,SOUTHDIV,ABIDJAN,SOUTH2,ABIDJAN 2,Adjame,20LGTSLGTS,RENAULT,BOUSSOURA SARL
Cote d'Ivoire,SOUTHDIV,ABIDJAN,SOUTH2,ABIDJAN 2,Adjame,WILLY,WILLIAMSVILLE,BOUSSOURA SARL
Cote d'Ivoire,SOUTHDIV,ABIDJAN,SOUTH2,ABIDJAN 2,Adjame,WILLY,MACACI,BOUSSOURA SARL
Cote d'Ivoire,SOUTHDIV,ABIDJAN,SOUTH2,ABIDJAN 2,Adjame,WILLY,PAILLET,BOUSSOURA SARL
Cote d'Ivoire,SOUTHDIV,ABIDJAN,SOUTH2,ABIDJAN 2,Adjame,WILLY,VIDANGE,BOUSSOURA SARL
Cote d'Ivoire,SOUTHDIV,ABIDJAN,SOUTH2,ABIDJAN 2,Adjame,WILLY,HMA,BOUSSOURA SARL
Cote d'Ivoire,SOUTHDIV,ABIDJAN,SOUTH2,ABIDJAN 2,Adjame,SPEURP,SAPEUR POMPIER,BOUSSOURA SARL
Cote d'Ivoire,SOUTHDIV,ABIDJAN,SOUTH2,ABIDJAN 2,Adjame,SPEURP,SAINT MICHEL,BOUSSOURA SARL
Cote d'Ivoire,SOUTHDIV,ABIDJAN,SOUTH2,ABIDJAN 2,Adjame,SPEURP,QUARTIER EBRIÉ,BOUSSOURA SARL
Cote d'Ivoire,SOUTHDIV,ABIDJAN,SOUTH2,ABIDJAN 2,Adjame,SPEURP,DALLAS,BOUSSOURA SARL
Cote d'Ivoire,SOUTHDIV,ABIDJAN,SOUTH2,ABIDJAN 2,Adjame,NNGUIA,NANGUI ABROGOUA,BOUSSOURA SARL
Cote d'Ivoire,SOUTHDIV,ABIDJAN,SOUTH2,ABIDJAN 2,Adjame,NNGUIA,MARCHE GOURO,BOUSSOURA SARL
Cote d'Ivoire,SOUTHDIV,ABIDJAN,SOUTH2,ABIDJAN 2,Adjame,NNGUIA,BLACK MARKET,BOUSSOURA SARL
Cote d'Ivoire,SOUTHDIV,ABIDJAN,SOUTH2,ABIDJAN 2,Adjame,NNGUIA,MIRADOR,BOUSSOURA SARL
Cote d'Ivoire,SOUTHDIV,ABIDJAN,SOUTH2,ABIDJAN 2,Adjame,NNGUIA,NOUVELLE GARE,BOUSSOURA SARL
Cote d'Ivoire,SOUTHDIV,ABIDJAN,SOUTH2,ABIDJAN 2,Adjame,BRAMA,BRAMACOTÉ,BOUSSOURA SARL
Cote d'Ivoire,SOUTHDIV,ABIDJAN,SOUTH2,ABIDJAN 2,Adjame,BRAMA,DÉLÉGATION,BOUSSOURA SARL
Cote d'Ivoire,SOUTHDIV,ABIDJAN,SOUTH2,ABIDJAN 2,Adjame,BRAMA,CITÉ RAN,BOUSSOURA SARL
Cote d'Ivoire,SOUTHDIV,ABIDJAN,SOUTH2,ABIDJAN 2,Adjame,BRAMA,FORUM,BOUSSOURA SARL
Cote d'Ivoire,SOUTHDIV,ABIDJAN,SOUTH2,ABIDJAN 2,Adjame,CNTREAD,TERRITOIRE ADJAMÉ,BOUSSOURA SARL
Cote d'Ivoire,SOUTHDIV,ABIDJAN,SOUTH2,ABIDJAN 2,Adzope,AZOPEV,ADZOPE VILLE,Adzope
Cote d'Ivoire,SOUTHDIV,ABIDJAN,SOUTH2,ABIDJAN 2,Adzope,AKPEVI,AKOUPE,Adzope
Cote d'Ivoire,SOUTHDIV,ABIDJAN,SOUTH2,ABIDJAN 2,Adzope,AKPEVI,YAKASSE ATTOBROU,Adzope
Cote d'Ivoire,SOUTHDIV,ABIDJAN,SOUTH2,ABIDJAN 2,Adzope,AKPEVI,ANDE,Adzope
Cote d'Ivoire,SOUTHDIV,ABIDJAN,SOUTH2,ABIDJAN 2,Adzope,AKPEVI,YAKASSE ME,Adzope
Cote d'Ivoire,SOUTHDIV,ABIDJAN,SOUTH2,ABIDJAN 2,Agboville,AGBVIL,AGBOVILLE VILLE,Agboville
Cote d'Ivoire,SOUTHDIV,ABIDJAN,SOUTH2,ABIDJAN 2,Agboville,AGBVIL,N'DOUCI,Agboville
Cote d'Ivoire,SOUTHDIV,ABIDJAN,SOUTH2,ABIDJAN 2,Agboville,AGBVIL,SIKENSI,Agboville
Cote d'Ivoire,SOUTHDIV,ABIDJAN,SOUTH2,ABIDJAN 2,Agboville,AZGUVIL,AZAGUIE,Agboville
Cote d'Ivoire,SOUTHDIV,ABIDJAN,SOUTH2,ABIDJAN 2,Agboville,AZGUVIL,PETIT YAPO,Agboville
Cote d'Ivoire,SOUTHDIV,ABIDJAN,SOUTH2,ABIDJAN 2,Agboville,AZGUVIL,GRAND YAPO,Agboville
Cote d'Ivoire,SOUTHDIV,ABIDJAN,SOUTH2,ABIDJAN 2,Agboville,AZGUVIL,RUBINO,Agboville
Cote d'Ivoire,SOUTHDIV,ABIDJAN,SOUTH2,ABIDJAN 2,Agboville,AZGUVIL,SECHI,Agboville
Cote d'Ivoire,NORTHDIV,UP COUNTRY,CNE,NORTH 1,Abengourou,CFETO,CAFETOUTOU,RIZKALLAH MICHEL
Cote d'Ivoire,NORTHDIV,UP COUNTRY,CNE,NORTH 1,Abengourou,CFETO,AGNIKRO,RIZKALLAH MICHEL
Cote d'Ivoire,NORTHDIV,UP COUNTRY,CNE,NORTH 1,Abengourou,CFETO,ADOUKOFFIKRO,RIZKALLAH MICHEL
Cote d'Ivoire,NORTHDIV,UP COUNTRY,CNE,NORTH 1,Abengourou,CFETO,GARE DE NIABLE,RIZKALLAH MICHEL
Cote d'Ivoire,NORTHDIV,UP COUNTRY,CNE,NORTH 1,Abengourou,CFETO,AFFALIKRO,RIZKALLAH MICHEL
Cote d'Ivoire,NORTHDIV,UP COUNTRY,CNE,NORTH 1,Abengourou,CFETO,ANGOUAKRO,RIZKALLAH MICHEL
Cote d'Ivoire,NORTHDIV,UP COUNTRY,CNE,NORTH 1,Abengourou,CFETO,DRAMANKRO,RIZKALLAH MICHEL
Cote d'Ivoire,NORTHDIV,UP COUNTRY,CNE,NORTH 1,Abengourou,CFETO,NIABLE,RIZKALLAH MICHEL
Cote d'Ivoire,NORTHDIV,UP COUNTRY,CNE,NORTH 1,Abengourou,CFETO,ADAOU,RIZKALLAH MICHEL
Cote d'Ivoire,NORTHDIV,UP COUNTRY,CNE,NORTH 1,Abengourou,CFETO,BAOULEKRO,RIZKALLAH MICHEL
Cote d'Ivoire,NORTHDIV,UP COUNTRY,CNE,NORTH 1,Abengourou,CMMER,COMMERCE,RIZKALLAH MICHEL
Cote d'Ivoire,NORTHDIV,UP COUNTRY,CNE,NORTH 1,Abengourou,CMMER,RELAIS,RIZKALLAH MICHEL
Cote d'Ivoire,NORTHDIV,UP COUNTRY,CNE,NORTH 1,Abengourou,CMMER,HKB,RIZKALLAH MICHEL
Cote d'Ivoire,NORTHDIV,UP COUNTRY,CNE,NORTH 1,Abengourou,CMMER,LOBIKRO,RIZKALLAH MICHEL
Cote d'Ivoire,NORTHDIV,UP COUNTRY,CNE,NORTH 1,Abengourou,CMMER,CAMP MILITAIRE,RIZKALLAH MICHEL
Cote d'Ivoire,NORTHDIV,UP COUNTRY,CNE,NORTH 1,Abengourou,CMMER,PLATEAU,RIZKALLAH MICHEL
Cote d'Ivoire,NORTHDIV,UP COUNTRY,CNE,NORTH 1,Abengourou,RSDT,RESIDENTIEL,RIZKALLAH MICHEL
Cote d'Ivoire,NORTHDIV,UP COUNTRY,CNE,NORTH 1,Abengourou,RSDT,120 LGMT,RIZKALLAH MICHEL
Cote d'Ivoire,NORTHDIV,UP COUNTRY,CNE,NORTH 1,Abengourou,RSDT,CHICAGO,RIZKALLAH MICHEL
Cote d'Ivoire,NORTHDIV,UP COUNTRY,CNE,NORTH 1,Abengourou,RSDT,BAOULEKRO,RIZKALLAH MICHEL
Cote d'Ivoire,NORTHDIV,UP COUNTRY,CNE,NORTH 1,Abengourou,RSDT,DIOULAKRO,RIZKALLAH MICHEL
Cote d'Ivoire,NORTHDIV,UP COUNTRY,CNE,NORTH 1,Abengourou,RSDT,GAGOU,RIZKALLAH MICHEL
Cote d'Ivoire,NORTHDIV,UP COUNTRY,CNE,NORTH 1,Abengourou,RSDT,OUELLE,RIZKALLAH MICHEL
Cote d'Ivoire,NORTHDIV,UP COUNTRY,CNE,NORTH 1,Abengourou,RSDT,GRAV D'OR,RIZKALLAH MICHEL
Cote d'Ivoire,NORTHDIV,UP COUNTRY,CNE,NORTH 1,Abengourou,RSDT,COMMERCE,RIZKALLAH MICHEL
Cote d'Ivoire,NORTHDIV,UP COUNTRY,CNE,NORTH 1,Abengourou,RSDT,KREGBE,RIZKALLAH MICHEL
Cote d'Ivoire,NORTHDIV,UP COUNTRY,CNE,NORTH 1,Abengourou,RSDT,SOSSOBOUGOU,RIZKALLAH MICHEL
Cote d'Ivoire,NORTHDIV,UP COUNTRY,CNE,NORTH 1,Abengourou,PLTEMI,ADAOU,RIZKALLAH MICHEL
Cote d'Ivoire,NORTHDIV,UP COUNTRY,CNE,NORTH 1,Abengourou,PLTEMI,ADOUKOFIKRO,RIZKALLAH MICHEL
Cote d'Ivoire,NORTHDIV,UP COUNTRY,CNE,NORTH 1,Abengourou,PLTEMI,BAOULEKRO,RIZKALLAH MICHEL
Cote d'Ivoire,NORTHDIV,UP COUNTRY,CNE,NORTH 1,Abengourou,PLTEMI,CAFETOU,RIZKALLAH MICHEL
Cote d'Ivoire,NORTHDIV,UP COUNTRY,CNE,NORTH 1,Abengourou,PLTEMI,AGNIKRO,RIZKALLAH MICHEL
Cote d'Ivoire,NORTHDIV,UP COUNTRY,CNE,NORTH 1,Abengourou,PLTEMI,CMP MILITAIRE,RIZKALLAH MICHEL
Cote d'Ivoire,NORTHDIV,UP COUNTRY,CNE,NORTH 1,Abengourou,PLTEMI,COMMERCE,RIZKALLAH MICHEL
Cote d'Ivoire,NORTHDIV,UP COUNTRY,CNE,NORTH 1,Abengourou,PLTEMI,DIOULAKRO,RIZKALLAH MICHEL
Cote d'Ivoire,NORTHDIV,UP COUNTRY,CNE,NORTH 1,Abengourou,PLTEMI,HKB,RIZKALLAH MICHEL
Cote d'Ivoire,NORTHDIV,UP COUNTRY,CNE,NORTH 1,Abengourou,PLTEMI,LOBKRO,RIZKALLAH MICHEL
Cote d'Ivoire,NORTHDIV,UP COUNTRY,CNE,NORTH 1,Abengourou,PLTEMI,PLATX,RIZKALLAH MICHEL
Cote d'Ivoire,NORTHDIV,UP COUNTRY,CNE,NORTH 1,Abengourou,PLTEMI,RELAIS,RIZKALLAH MICHEL
Cote d'Ivoire,NORTHDIV,UP COUNTRY,CNE,NORTH 1,Abengourou,GRELO,BONAHOUIN,RIZKALLAH MICHEL
Cote d'Ivoire,NORTHDIV,UP COUNTRY,CNE,NORTH 1,Abengourou,GRELO,ARRAH,RIZKALLAH MICHEL
Cote d'Ivoire,NORTHDIV,UP COUNTRY,CNE,NORTH 1,Abengourou,GRELO,BONGOUANOU,RIZKALLAH MICHEL
Cote d'Ivoire,NORTHDIV,UP COUNTRY,CNE,NORTH 1,Abengourou,GRELO,APRONPRON,RIZKALLAH MICHEL
Cote d'Ivoire,NORTHDIV,UP COUNTRY,CNE,NORTH 1,Abengourou,GRELO,ASSIKASSO,RIZKALLAH MICHEL
Cote d'Ivoire,NORTHDIV,UP COUNTRY,CNE,NORTH 1,Abengourou,GRELO,AGNIBILEKRO,RIZKALLAH MICHEL
Cote d'Ivoire,NORTHDIV,UP COUNTRY,CNE,NORTH 1,Abengourou,GRELO,ANDE,RIZKALLAH MICHEL
Cote d'Ivoire,NORTHDIV,UP COUNTRY,CNE,NORTH 1,Abengourou,GRELO,APKAOUSSOU,RIZKALLAH MICHEL
Cote d'Ivoire,NORTHDIV,UP COUNTRY,CNE,NORTH 1,Abengourou,GRELO,DAOUKRO,RIZKALLAH MICHEL
Cote d'Ivoire,NORTHDIV,UP COUNTRY,CNE,NORTH 1,Abengourou,GRELO,TANKESSE,RIZKALLAH MICHEL
Cote d'Ivoire,NORTHDIV,UP COUNTRY,CNE,NORTH 1,Abengourou,GRELO,ANUANSUE,RIZKALLAH MICHEL
Cote d'Ivoire,NORTHDIV,UP COUNTRY,CNE,NORTH 1,Yamoussoukro,BNON,Bonon,UP GROUND SALES & MARKETING
Cote d'Ivoire,NORTHDIV,UP COUNTRY,CNE,NORTH 1,Yamoussoukro,BNON,Garango,UP GROUND SALES & MARKETING
Cote d'Ivoire,NORTHDIV,UP COUNTRY,CNE,NORTH 1,Yamoussoukro,BNON,Gobazra,UP GROUND SALES & MARKETING
Cote d'Ivoire,NORTHDIV,UP COUNTRY,CNE,NORTH 1,Yamoussoukro,BNON,Bouaflé,UP GROUND SALES & MARKETING
Cote d'Ivoire,NORTHDIV,UP COUNTRY,CNE,NORTH 1,Yamoussoukro,BNON,Zougoussou,UP GROUND SALES & MARKETING
Cote d'Ivoire,NORTHDIV,UP COUNTRY,CNE,NORTH 1,Yamoussoukro,BNON,Zambakro,UP GROUND SALES & MARKETING
Cote d'Ivoire,NORTHDIV,UP COUNTRY,CNE,NORTH 1,Yamoussoukro,BNON,Zuenoula,UP GROUND SALES & MARKETING
Cote d'Ivoire,NORTHDIV,UP COUNTRY,CNE,NORTH 1,Yamoussoukro,Spim,Sopim,UP GROUND SALES & MARKETING
Cote d'Ivoire,NORTHDIV,UP COUNTRY,CNE,NORTH 1,Yamoussoukro,Spim,Makora - Belleville,UP GROUND SALES & MARKETING
Cote d'Ivoire,NORTHDIV,UP COUNTRY,CNE,NORTH 1,Yamoussoukro,Spim,Kokrenou 1,UP GROUND SALES & MARKETING
Cote d'Ivoire,NORTHDIV,UP COUNTRY,CNE,NORTH 1,Yamoussoukro,Spim,Kokrenou 2,UP GROUND SALES & MARKETING
Cote d'Ivoire,NORTHDIV,UP COUNTRY,CNE,NORTH 1,Yamoussoukro,Spim,Kokrenou 3,UP GROUND SALES & MARKETING
Cote d'Ivoire,NORTHDIV,UP COUNTRY,CNE,NORTH 1,Yamoussoukro,Spim,Kokenou 4,UP GROUND SALES & MARKETING
Cote d'Ivoire,NORTHDIV,UP COUNTRY,CNE,NORTH 1,Yamoussoukro,ASSAB,Assabou 1,UP GROUND SALES & MARKETING
Cote d'Ivoire,NORTHDIV,UP COUNTRY,CNE,NORTH 1,Yamoussoukro,ASSAB,Djahakro,UP GROUND SALES & MARKETING
Cote d'Ivoire,NORTHDIV,UP COUNTRY,CNE,NORTH 1,Yamoussoukro,ASSAB,50 & 227 logements,UP GROUND SALES & MARKETING
Cote d'Ivoire,NORTHDIV,UP COUNTRY,CNE,NORTH 1,Yamoussoukro,ASSAB,INPHB,UP GROUND SALES & MARKETING
Cote d'Ivoire,NORTHDIV,UP COUNTRY,CNE,NORTH 1,Yamoussoukro,ASSAB,Assabou 2,UP GROUND SALES & MARKETING
Cote d'Ivoire,NORTHDIV,UP COUNTRY,CNE,NORTH 1,Yamoussoukro,ASSAB,220 logements,UP GROUND SALES & MARKETING
Cote d'Ivoire,NORTHDIV,UP COUNTRY,CNE,NORTH 1,Yamoussoukro,DLABOU,Dioulabougou 1,UP GROUND SALES & MARKETING
Cote d'Ivoire,NORTHDIV,UP COUNTRY,CNE,NORTH 1,Yamoussoukro,DLABOU,Dioulabougou 2,UP GROUND SALES & MARKETING
Cote d'Ivoire,NORTHDIV,UP COUNTRY,CNE,NORTH 1,Yamoussoukro,DLABOU,Dioulabougou 3,UP GROUND SALES & MARKETING
Cote d'Ivoire,NORTHDIV,UP COUNTRY,CNE,NORTH 1,Yamoussoukro,DLABOU,Dioulabougou 4,UP GROUND SALES & MARKETING
Cote d'Ivoire,NORTHDIV,UP COUNTRY,CNE,NORTH 1,Yamoussoukro,DLABOU,Dioulabougou 5,UP GROUND SALES & MARKETING
Cote d'Ivoire,NORTHDIV,UP COUNTRY,CNE,NORTH 1,Yamoussoukro,DLABOU,Dioulabougou 6,UP GROUND SALES & MARKETING
Cote d'Ivoire,NORTHDIV,UP COUNTRY,CNE,NORTH 1,Yamoussoukro,MROFE,Morofé,UP GROUND SALES & MARKETING
Cote d'Ivoire,NORTHDIV,UP COUNTRY,CNE,NORTH 1,Yamoussoukro,MROFE,Morofé extention,UP GROUND SALES & MARKETING
Cote d'Ivoire,NORTHDIV,UP COUNTRY,CNE,NORTH 1,Yamoussoukro,MROFE,Morofé 2,UP GROUND SALES & MARKETING
Cote d'Ivoire,NORTHDIV,UP COUNTRY,CNE,NORTH 1,Yamoussoukro,MROFE,Morofé 3 -Habitat 1,UP GROUND SALES & MARKETING
Cote d'Ivoire,NORTHDIV,UP COUNTRY,CNE,NORTH 1,Yamoussoukro,MROFE,Habitat,UP GROUND SALES & MARKETING
Cote d'Ivoire,NORTHDIV,UP COUNTRY,CNE,NORTH 1,Dimbokro,TMOD,Toumodi,UP GROUND SALES & MARKETING
Cote d'Ivoire,NORTHDIV,UP COUNTRY,CNE,NORTH 1,Dimbokro,DMBKRV,Dimbokro ville,UP GROUND SALES & MARKETING
Cote d'Ivoire,NORTHDIV,UP COUNTRY,CNE,NORTH 1,Dimbokro,BCAND,Toumodi,UP GROUND SALES & MARKETING
Cote d'Ivoire,NORTHDIV,UP COUNTRY,CNE,NORTH 1,Dimbokro,BCAND,Dimbokro,UP GROUND SALES & MARKETING
Cote d'Ivoire,NORTHDIV,UP COUNTRY,CNE,NORTH 1,Dimbokro,BCAND,M'batto,UP GROUND SALES & MARKETING
Cote d'Ivoire,NORTHDIV,UP COUNTRY,CNE,NORTH 1,Dimbokro,BCAND,Bocanda,UP GROUND SALES & MARKETING
Cote d'Ivoire,NORTHDIV,UP COUNTRY,CNE,NORTH 1,Bouake 1,SKOURA,Sokoura,SODIAMA
Cote d'Ivoire,NORTHDIV,UP COUNTRY,CNE,NORTH 1,Bouake 1,SKOURA,Commerce,SODIAMA
Cote d'Ivoire,NORTHDIV,UP COUNTRY,CNE,NORTH 1,Bouake 1,SKOURA,Centre Ivoire,SODIAMA
Cote d'Ivoire,NORTHDIV,UP COUNTRY,CNE,NORTH 1,Bouake 1,SKOURA,Houphouet-Ville,SODIAMA
Cote d'Ivoire,NORTHDIV,UP COUNTRY,CNE,NORTH 1,Bouake 1,SKOURA,Nimbo,SODIAMA
Cote d'Ivoire,NORTHDIV,UP COUNTRY,CNE,NORTH 1,Bouake 1,SKOURA,Djamourou,SODIAMA
Cote d'Ivoire,NORTHDIV,UP COUNTRY,CNE,NORTH 1,Bouake 1,SKOURA,Dare_Salam,SODIAMA
Cote d'Ivoire,NORTHDIV,UP COUNTRY,CNE,NORTH 1,Bouake 1,SKOURA,Tola,SODIAMA
Cote d'Ivoire,NORTHDIV,UP COUNTRY,CNE,NORTH 1,Bouake 1,SKOURA,Maroc,SODIAMA
Cote d'Ivoire,NORTHDIV,UP COUNTRY,CNE,NORTH 1,Bouake 1,KOKO,Koko,SODIAMA
Cote d'Ivoire,NORTHDIV,UP COUNTRY,CNE,NORTH 1,Bouake 1,KOKO,Audjenekourani,SODIAMA
Cote d'Ivoire,NORTHDIV,UP COUNTRY,CNE,NORTH 1,Bouake 1,KOKO,Hypodrome,SODIAMA
Cote d'Ivoire,NORTHDIV,UP COUNTRY,CNE,NORTH 1,Bouake 1,KOKO,Beaufort,SODIAMA
Cote d'Ivoire,NORTHDIV,UP COUNTRY,CNE,NORTH 1,Bouake 1,KOKO,Zone,SODIAMA
Cote d'Ivoire,NORTHDIV,UP COUNTRY,CNE,NORTH 1,Bouake 1,KOKO,Gonvreville,SODIAMA
Cote d'Ivoire,NORTHDIV,UP COUNTRY,CNE,NORTH 1,Bouake 1,KOKO,Beaufort,SODIAMA
Cote d'Ivoire,NORTHDIV,UP COUNTRY,CNE,NORTH 1,Bouake 1,KOKO,Habitat Gonvreville,SODIAMA
Cote d'Ivoire,NORTHDIV,UP COUNTRY,CNE,NORTH 1,Bouake 1,ONADKH,Cmrce,SODIAMA
Cote d'Ivoire,NORTHDIV,UP COUNTRY,CNE,NORTH 1,Bouake 1,ONADKH,Sokoura,SODIAMA
Cote d'Ivoire,NORTHDIV,UP COUNTRY,CNE,NORTH 1,Bouake 1,ONADKH,Marche,SODIAMA
Cote d'Ivoire,NORTHDIV,UP COUNTRY,CNE,NORTH 1,Bouake 1,ONADKH,Boniere,SODIAMA
Cote d'Ivoire,NORTHDIV,UP COUNTRY,CNE,NORTH 1,Bouake 1,ONADKH,Bokala,SODIAMA
Cote d'Ivoire,NORTHDIV,UP COUNTRY,CNE,NORTH 1,Bouake 1,ONADKH,Dare salam,SODIAMA
Cote d'Ivoire,NORTHDIV,UP COUNTRY,CNE,NORTH 1,Bouake 1,ONADKH,Belle ville,SODIAMA
Cote d'Ivoire,NORTHDIV,UP COUNTRY,CNE,NORTH 1,Bouake 1,ONADKH,Air Frce,SODIAMA
Cote d'Ivoire,NORTHDIV,UP COUNTRY,CNE,NORTH 1,Bouake 1,ONADKH,Djanbourou,SODIAMA
Cote d'Ivoire,NORTHDIV,UP COUNTRY,CNE,NORTH 1,Bouake 1,ONADKH,Zone,SODIAMA
Cote d'Ivoire,NORTHDIV,UP COUNTRY,CNE,NORTH 1,Bouake 1,ONADKH,Sakasou,SODIAMA
Cote d'Ivoire,NORTHDIV,UP COUNTRY,CNE,NORTH 1,Bouake 1,ONADKH,Tola,SODIAMA
Cote d'Ivoire,NORTHDIV,UP COUNTRY,CNE,NORTH 1,Bouake 1,CMRCE,Commerce,SODIAMA
Cote d'Ivoire,NORTHDIV,UP COUNTRY,CNE,NORTH 1,Bouake 1,CMRCE,Nguattakro,SODIAMA
Cote d'Ivoire,NORTHDIV,UP COUNTRY,CNE,NORTH 1,Bouake 1,CMRCE,Ahougnansou,SODIAMA
Cote d'Ivoire,NORTHDIV,UP COUNTRY,CNE,NORTH 1,Bouake 1,CMRCE,Houphouet ville,SODIAMA
Cote d'Ivoire,NORTHDIV,UP COUNTRY,CNE,NORTH 1,Bouake 1,CMRCE,Broukro,SODIAMA
Cote d'Ivoire,NORTHDIV,UP COUNTRY,CNE,NORTH 1,Bouake 1,CMRCE,Sicogi,SODIAMA
Cote d'Ivoire,NORTHDIV,UP COUNTRY,CNE,NORTH 1,Bouake 1,CMRCE,Ndakro,SODIAMA
Cote d'Ivoire,NORTHDIV,UP COUNTRY,CNE,NORTH 1,Bouake 1,CMRCE,Campus,SODIAMA
Cote d'Ivoire,NORTHDIV,UP COUNTRY,CNE,NORTH 1,Bouake 1,CMRCE,Adje yaokro,SODIAMA
Cote d'Ivoire,NORTHDIV,UP COUNTRY,CNE,NORTH 1,Bouake 1,CMRCE,Tchelekro,SODIAMA
Cote d'Ivoire,NORTHDIV,UP COUNTRY,CNE,NORTH 1,Bouake 1,BKEVILL,Bouaké ville,SODIAMA
Cote d'Ivoire,NORTHDIV,UP COUNTRY,CNE,NORTH 1,Bouake 2,GRDM,Grand marche,IVOIRE DISTRIBUTION MARCHANDISES C.I
Cote d'Ivoire,NORTHDIV,UP COUNTRY,CNE,NORTH 1,Bouake 2,GRDM,Nimbo,IVOIRE DISTRIBUTION MARCHANDISES C.I
Cote d'Ivoire,NORTHDIV,UP COUNTRY,CNE,NORTH 1,Bouake 2,GRDM,Kennedi,IVOIRE DISTRIBUTION MARCHANDISES C.I
Cote d'Ivoire,NORTHDIV,UP COUNTRY,CNE,NORTH 1,Bouake 2,GRDM,Sokoura,IVOIRE DISTRIBUTION MARCHANDISES C.I
Cote d'Ivoire,NORTHDIV,UP COUNTRY,CNE,NORTH 1,Bouake 2,AIRFR,"Air France 1,2,3",IVOIRE DISTRIBUTION MARCHANDISES C.I
Cote d'Ivoire,NORTHDIV,UP COUNTRY,CNE,NORTH 1,Bouake 2,AIRFR,Corridor sud,IVOIRE DISTRIBUTION MARCHANDISES C.I
Cote d'Ivoire,NORTHDIV,UP COUNTRY,CNE,NORTH 1,Bouake 2,DRSAL,Dares salam Djambourou,IVOIRE DISTRIBUTION MARCHANDISES C.I
Cote d'Ivoire,NORTHDIV,UP COUNTRY,CNE,NORTH 1,Bouake 2,DRSAL,Abattoir,IVOIRE DISTRIBUTION MARCHANDISES C.I
Cote d'Ivoire,NORTHDIV,UP COUNTRY,CNE,NORTH 1,Bouake 2,DRSAL,Laraba,IVOIRE DISTRIBUTION MARCHANDISES C.I
Cote d'Ivoire,NORTHDIV,UP COUNTRY,CNE,NORTH 1,Bouake 2,DRSAL,Corridor Nord,IVOIRE DISTRIBUTION MARCHANDISES C.I
Cote d'Ivoire,NORTHDIV,UP COUNTRY,CNE,NORTH 1,Bouake 2,BLLVIL,"Belle ville 1,2,3",IVOIRE DISTRIBUTION MARCHANDISES C.I
Cote d'Ivoire,NORTHDIV,UP COUNTRY,CNE,NORTH 1,Bouake 2,BLLVIL,Campement,IVOIRE DISTRIBUTION MARCHANDISES C.I
Cote d'Ivoire,NORTHDIV,UP COUNTRY,CNE,NORTH 1,Katiola,GRDMA,Grand marche,IDMCI
Cote d'Ivoire,NORTHDIV,UP COUNTRY,CNE,NORTH 1,Katiola,GRDMA,Satama Sokora,IDMCI
Cote d'Ivoire,NORTHDIV,UP COUNTRY,CNE,NORTH 1,Katiola,GRDMA,Brobo,IDMCI
Cote d'Ivoire,NORTHDIV,UP COUNTRY,CNE,NORTH 1,Katiola,GRDMA,M'bahiakro,IDMCI
Cote d'Ivoire,NORTHDIV,UP COUNTRY,CNE,NORTH 1,Katiola,GRDMA,Niakara,IDMCI
Cote d'Ivoire,NORTHDIV,UP COUNTRY,CNE,NORTH 1,Katiola,GRDMA,Dabakala,IDMCI
Cote d'Ivoire,NORTHDIV,UP COUNTRY,CNE,NORTH 1,Katiola,KTLAVIL,Katiola ville,IDMCI
Cote d'Ivoire,NORTHDIV,UP COUNTRY,CNE,NORTH 1,Korhogo,REBANQ,Commerce,ESF KORHOGO
Cote d'Ivoire,NORTHDIV,UP COUNTRY,CNE,NORTH 1,Korhogo,REBANQ,Boulevard Ado,ESF KORHOGO
Cote d'Ivoire,NORTHDIV,UP COUNTRY,CNE,NORTH 1,Korhogo,REBANQ,Voie kafoudal,ESF KORHOGO
Cote d'Ivoire,NORTHDIV,UP COUNTRY,CNE,NORTH 1,Korhogo,REBANQ,Voie de Mbengue,ESF KORHOGO
Cote d'Ivoire,NORTHDIV,UP COUNTRY,CNE,NORTH 1,Korhogo,REBANQ,Tarato,ESF KORHOGO
Cote d'Ivoire,NORTHDIV,UP COUNTRY,CNE,NORTH 1,Korhogo,REBANQ,Siempurgo,ESF KORHOGO
Cote d'Ivoire,NORTHDIV,UP COUNTRY,CNE,NORTH 1,Korhogo,REBANQ,Boundiali,ESF KORHOGO
Cote d'Ivoire,NORTHDIV,UP COUNTRY,CNE,NORTH 1,Korhogo,REBANQ,Gbon,ESF KORHOGO
Cote d'Ivoire,NORTHDIV,UP COUNTRY,CNE,NORTH 1,Korhogo,REBANQ,Kouto,ESF KORHOGO
Cote d'Ivoire,NORTHDIV,UP COUNTRY,CNE,NORTH 1,Korhogo,REBANQ,Tengréla,ESF KORHOGO
Cote d'Ivoire,NORTHDIV,UP COUNTRY,CNE,NORTH 1,Korhogo,QATAIRF,Quartier 14,ESF KORHOGO
Cote d'Ivoire,NORTHDIV,UP COUNTRY,CNE,NORTH 1,Korhogo,QATAIRF,Air France,ESF KORHOGO
Cote d'Ivoire,NORTHDIV,UP COUNTRY,CNE,NORTH 1,Korhogo,QATAIRF,Sinistré,ESF KORHOGO
Cote d'Ivoire,NORTHDIV,UP COUNTRY,CNE,NORTH 1,Korhogo,QATAIRF,Sodepra,ESF KORHOGO
Cote d'Ivoire,NORTHDIV,UP COUNTRY,CNE,NORTH 1,Korhogo,QATAIRF,Cite des medecins,ESF KORHOGO
Cote d'Ivoire,NORTHDIV,UP COUNTRY,CNE,NORTH 1,Korhogo,QATAIRF,Tiékélézo,ESF KORHOGO
Cote d'Ivoire,NORTHDIV,UP COUNTRY,CNE,NORTH 1,Korhogo,QATAIRF,Prémafolo,ESF KORHOGO
Cote d'Ivoire,NORTHDIV,UP COUNTRY,CNE,NORTH 1,Korhogo,QATAIRF,Soba,ESF KORHOGO
Cote d'Ivoire,NORTHDIV,UP COUNTRY,CNE,NORTH 1,Korhogo,QATAIRF,Kassirimé,ESF KORHOGO
Cote d'Ivoire,NORTHDIV,UP COUNTRY,CNE,NORTH 1,Korhogo,HSSADG,Haoussadougou,ESF KORHOGO
Cote d'Ivoire,NORTHDIV,UP COUNTRY,CNE,NORTH 1,Korhogo,HSSADG,Petit Paris,ESF KORHOGO
Cote d'Ivoire,NORTHDIV,UP COUNTRY,CNE,NORTH 1,Korhogo,HSSADG,Soba,ESF KORHOGO
Cote d'Ivoire,NORTHDIV,UP COUNTRY,CNE,NORTH 1,Korhogo,NVEQUA,Nouveau Quartier,ESF KORHOGO
Cote d'Ivoire,NORTHDIV,UP COUNTRY,CNE,NORTH 1,Korhogo,NVEQUA,Sossorobougou,ESF KORHOGO
Cote d'Ivoire,NORTHDIV,UP COUNTRY,CNE,NORTH 1,Korhogo,NVEQUA,Cocody,ESF KORHOGO
Cote d'Ivoire,NORTHDIV,UP COUNTRY,CNE,NORTH 1,Korhogo,NVEQUA,Klofohakaha,ESF KORHOGO
Cote d'Ivoire,NORTHDIV,UP COUNTRY,CNE,NORTH 1,Ferke,BNDLI,Boundiali & Environs,ESF KORHOGO
Cote d'Ivoire,NORTHDIV,UP COUNTRY,CNE,NORTH 1,Ferke,FRKESS,Ferkessedougou & Environs SICAF1,ESF KORHOGO
Cote d'Ivoire,NORTHDIV,UP COUNTRY,CNE,NORTH 1,Ferke,FRKESS,SICAF2,ESF KORHOGO
Cote d'Ivoire,NORTHDIV,UP COUNTRY,CNE,NORTH 1,Bondoukou,BNAD,Bouna,TAHIROU
Cote d'Ivoire,NORTHDIV,UP COUNTRY,CNE,NORTH 1,Bondoukou,BNAD,Doropo,TAHIROU
Cote d'Ivoire,NORTHDIV,UP COUNTRY,CNE,NORTH 1,Bondoukou,BNAD,Tanda,TAHIROU
Cote d'Ivoire,NORTHDIV,UP COUNTRY,CNE,NORTH 1,Bondoukou,BNDOK1,Bondoukou 1,TAHIROU
Cote d'Ivoire,NORTHDIV,UP COUNTRY,CNE,NORTH 1,Bondoukou,BNDOK2,Bondoukou 2,TAHIROU
Cote d'Ivoire,NORTHDIV,UP COUNTRY,WEST,NORTH 2,Daloa,Lbia,Labia,BON MARCHE
Cote d'Ivoire,NORTHDIV,UP COUNTRY,WEST,NORTH 2,Daloa,Lbia,Mossibougou,BON MARCHE
Cote d'Ivoire,NORTHDIV,UP COUNTRY,WEST,NORTH 2,Daloa,Lbia,Texas,BON MARCHE
Cote d'Ivoire,NORTHDIV,UP COUNTRY,WEST,NORTH 2,Daloa,Lbia,Huberson,BON MARCHE
Cote d'Ivoire,NORTHDIV,UP COUNTRY,WEST,NORTH 2,Daloa,Lbia,Millionnaire,BON MARCHE
Cote d'Ivoire,NORTHDIV,UP COUNTRY,WEST,NORTH 2,Daloa,Lbia,Soleil,BON MARCHE
Cote d'Ivoire,NORTHDIV,UP COUNTRY,WEST,NORTH 2,Daloa,Lbia,Kenedy2,BON MARCHE
Cote d'Ivoire,NORTHDIV,UP COUNTRY,WEST,NORTH 2,Daloa,Lbia,Suisse,BON MARCHE
Cote d'Ivoire,NORTHDIV,UP COUNTRY,WEST,NORTH 2,Daloa,Lbia,Grand marche,BON MARCHE
Cote d'Ivoire,NORTHDIV,UP COUNTRY,WEST,NORTH 2,Daloa,Lbia,ORLY,BON MARCHE
Cote d'Ivoire,NORTHDIV,UP COUNTRY,WEST,NORTH 2,Daloa,Lbia,Flora,BON MARCHE
Cote d'Ivoire,NORTHDIV,UP COUNTRY,WEST,NORTH 2,Daloa,ABTT,Abattoir,BON MARCHE
Cote d'Ivoire,NORTHDIV,UP COUNTRY,WEST,NORTH 2,Daloa,ABTT,Marche Manioc,BON MARCHE
Cote d'Ivoire,NORTHDIV,UP COUNTRY,WEST,NORTH 2,Daloa,ABTT,Garage,BON MARCHE
Cote d'Ivoire,NORTHDIV,UP COUNTRY,WEST,NORTH 2,Daloa,ABTT,Orly plateau,BON MARCHE
Cote d'Ivoire,NORTHDIV,UP COUNTRY,WEST,NORTH 2,Daloa,ABTT,Dioulabougou,BON MARCHE
Cote d'Ivoire,NORTHDIV,UP COUNTRY,WEST,NORTH 2,Daloa,CMERCE 1,Commerce,BON MARCHE
Cote d'Ivoire,NORTHDIV,UP COUNTRY,WEST,NORTH 2,Daloa,CMERCE 1,Kani,BON MARCHE
Cote d'Ivoire,NORTHDIV,UP COUNTRY,WEST,NORTH 2,Daloa,CMERCE 1,Mankono,BON MARCHE
Cote d'Ivoire,NORTHDIV,UP COUNTRY,WEST,NORTH 2,Daloa,CMERCE 1,Serela,BON MARCHE
Cote d'Ivoire,NORTHDIV,UP COUNTRY,WEST,NORTH 2,Daloa,CMERCE 1,Kouenahiri,BON MARCHE
Cote d'Ivoire,NORTHDIV,UP COUNTRY,WEST,NORTH 2,Mankono,CMERCE 2,Commerce,KAZA DISTRIBUTION
Cote d'Ivoire,NORTHDIV,UP COUNTRY,WEST,NORTH 2,Mankono,CMERCE 2,Kani,KAZA DISTRIBUTION
Cote d'Ivoire,NORTHDIV,UP COUNTRY,WEST,NORTH 2,Mankono,CMERCE 2,Mankona,KAZA DISTRIBUTION
Cote d'Ivoire,NORTHDIV,UP COUNTRY,WEST,NORTH 2,Mankono,DMDE,Diomande,KAZA DISTRIBUTION
Cote d'Ivoire,NORTHDIV,UP COUNTRY,WEST,NORTH 2,Mankono,DMDE,Traoré,KAZA DISTRIBUTION
Cote d'Ivoire,NORTHDIV,UP COUNTRY,WEST,NORTH 2,Mankono,DMDE,Rymer,KAZA DISTRIBUTION
Cote d'Ivoire,NORTHDIV,UP COUNTRY,WEST,NORTH 2,Mankono,DMDE,Quartier Grarge,KAZA DISTRIBUTION
Cote d'Ivoire,NORTHDIV,UP COUNTRY,WEST,NORTH 2,Mankono,DMDE,Garage Angola,KAZA DISTRIBUTION
Cote d'Ivoire,NORTHDIV,UP COUNTRY,WEST,NORTH 2,Mankono,DMDE,Sifie,KAZA DISTRIBUTION
Cote d'Ivoire,NORTHDIV,UP COUNTRY,WEST,NORTH 2,Mankono,DMDE,Kouego,KAZA DISTRIBUTION
Cote d'Ivoire,NORTHDIV,UP COUNTRY,WEST,NORTH 2,Mankono,SGULA,Séguéla,KAZA DISTRIBUTION
Cote d'Ivoire,NORTHDIV,UP COUNTRY,WEST,NORTH 2,Mankono,SGULA,Mankono,KAZA DISTRIBUTION
Cote d'Ivoire,NORTHDIV,UP COUNTRY,WEST,NORTH 2,Mankono,SGULA,Kani,KAZA DISTRIBUTION
Cote d'Ivoire,NORTHDIV,UP COUNTRY,WEST,NORTH 2,Mankono,SGULA,Dianra,KAZA DISTRIBUTION
Cote d'Ivoire,NORTHDIV,UP COUNTRY,WEST,NORTH 2,Man,MRCHE,Marche,ALI BABA CI
Cote d'Ivoire,NORTHDIV,UP COUNTRY,WEST,NORTH 2,Man,MRCHE,Zele,ALI BABA CI
Cote d'Ivoire,NORTHDIV,UP COUNTRY,WEST,NORTH 2,Man,MRCHE,Dayagoine,ALI BABA CI
Cote d'Ivoire,NORTHDIV,UP COUNTRY,WEST,NORTH 2,Man,MRCHE,Municipal,ALI BABA CI
Cote d'Ivoire,NORTHDIV,UP COUNTRY,WEST,NORTH 2,Man,MRCHE,Campus,ALI BABA CI
Cote d'Ivoire,NORTHDIV,UP COUNTRY,WEST,NORTH 2,Man,MRCHE,Quartier thérèse,ALI BABA CI
Cote d'Ivoire,NORTHDIV,UP COUNTRY,WEST,NORTH 2,Man,CAFOP,Cafop,ALI BABA CI
Cote d'Ivoire,NORTHDIV,UP COUNTRY,WEST,NORTH 2,Man,CAFOP,Camp SEA,ALI BABA CI
Cote d'Ivoire,NORTHDIV,UP COUNTRY,WEST,NORTH 2,Man,CAFOP,Lycée club,ALI BABA CI
Cote d'Ivoire,NORTHDIV,UP COUNTRY,WEST,NORTH 2,Man,CAFOP,Commerce,ALI BABA CI
Cote d'Ivoire,NORTHDIV,UP COUNTRY,WEST,NORTH 2,Man,CAFOP,Koko,ALI BABA CI
Cote d'Ivoire,NORTHDIV,UP COUNTRY,WEST,NORTH 2,Man,CAFOP,Libreville,ALI BABA CI
Cote d'Ivoire,NORTHDIV,UP COUNTRY,WEST,NORTH 2,Man,BKOUMA,Biankouma,ALI BABA CI
Cote d'Ivoire,NORTHDIV,UP COUNTRY,WEST,NORTH 2,Man,BKOUMA,Bafing,ALI BABA CI
Cote d'Ivoire,NORTHDIV,UP COUNTRY,WEST,NORTH 2,Man,BKOUMA,Touba,ALI BABA CI
Cote d'Ivoire,NORTHDIV,UP COUNTRY,WEST,NORTH 2,Man,BKOUMA,Koro,ALI BABA CI
Cote d'Ivoire,NORTHDIV,UP COUNTRY,WEST,NORTH 2,Man,BKOUMA,Complexe,ALI BABA CI
Cote d'Ivoire,NORTHDIV,UP COUNTRY,WEST,NORTH 2,Man,BKOUMA,Sangouine,ALI BABA CI
Cote d'Ivoire,NORTHDIV,UP COUNTRY,WEST,NORTH 2,Man,MANVI,Man ville,ALI BABA CI
Cote d'Ivoire,NORTHDIV,UP COUNTRY,WEST,NORTH 2,Soubre,NBOUHI,Nanbouhi,SOCOCE INTERIEUR
Cote d'Ivoire,NORTHDIV,UP COUNTRY,WEST,NORTH 2,Soubre,NBOUHI,Camp manoir,SOCOCE INTERIEUR
Cote d'Ivoire,NORTHDIV,UP COUNTRY,WEST,NORTH 2,Soubre,NBOUHI,Chateau résidentiel,SOCOCE INTERIEUR
Cote d'Ivoire,NORTHDIV,UP COUNTRY,WEST,NORTH 2,Soubre,NBOUHI,Gabon,SOCOCE INTERIEUR
Cote d'Ivoire,NORTHDIV,UP COUNTRY,WEST,NORTH 2,Soubre,NBOUHI,Gbakalepa,SOCOCE INTERIEUR
Cote d'Ivoire,NORTHDIV,UP COUNTRY,WEST,NORTH 2,Soubre,NBOUHI,Yabayo,SOCOCE INTERIEUR
Cote d'Ivoire,NORTHDIV,UP COUNTRY,WEST,NORTH 2,Soubre,ANMANB,Anoumanbo,SOCOCE INTERIEUR
Cote d'Ivoire,NORTHDIV,UP COUNTRY,WEST,NORTH 2,Soubre,ANMANB,Hibiscus,SOCOCE INTERIEUR
Cote d'Ivoire,NORTHDIV,UP COUNTRY,WEST,NORTH 2,Soubre,ANMANB,Sicogi,SOCOCE INTERIEUR
Cote d'Ivoire,NORTHDIV,UP COUNTRY,WEST,NORTH 2,Soubre,ANMANB,Sans fil,SOCOCE INTERIEUR
Cote d'Ivoire,NORTHDIV,UP COUNTRY,WEST,NORTH 2,Soubre,ANMANB,Zone 4,SOCOCE INTERIEUR
Cote d'Ivoire,NORTHDIV,UP COUNTRY,WEST,NORTH 2,Soubre,ANMANB,KBF,SOCOCE INTERIEUR
Cote d'Ivoire,NORTHDIV,UP COUNTRY,WEST,NORTH 2,Soubre,SBRE,Okrouyo,SOCOCE INTERIEUR
Cote d'Ivoire,NORTHDIV,UP COUNTRY,WEST,NORTH 2,Soubre,SBRE,Guehio,SOCOCE INTERIEUR
Cote d'Ivoire,NORTHDIV,UP COUNTRY,WEST,NORTH 2,Soubre,SBRE,Buyo,SOCOCE INTERIEUR
Cote d'Ivoire,NORTHDIV,UP COUNTRY,WEST,NORTH 2,Soubre,SBRE,Bakayo,SOCOCE INTERIEUR
Cote d'Ivoire,NORTHDIV,UP COUNTRY,WEST,NORTH 2,Soubre,SBRE,osserie,SOCOCE INTERIEUR
Cote d'Ivoire,NORTHDIV,UP COUNTRY,WEST,NORTH 2,Soubre,SBRE,logboville,SOCOCE INTERIEUR
Cote d'Ivoire,NORTHDIV,UP COUNTRY,WEST,NORTH 2,Soubre,SBRE,Dapea,SOCOCE INTERIEUR
Cote d'Ivoire,NORTHDIV,UP COUNTRY,WEST,NORTH 2,Soubre,SBRE,lessirie,SOCOCE INTERIEUR
Cote d'Ivoire,NORTHDIV,UP COUNTRY,WEST,NORTH 2,Soubre,SBRE,commerce,SOCOCE INTERIEUR
Cote d'Ivoire,NORTHDIV,UP COUNTRY,WEST,NORTH 2,Soubre,SBRE,kpeiri,SOCOCE INTERIEUR
Cote d'Ivoire,NORTHDIV,UP COUNTRY,WEST,NORTH 2,Soubre,SBRE,opouyo,SOCOCE INTERIEUR
Cote d'Ivoire,NORTHDIV,UP COUNTRY,WEST,NORTH 2,Soubre,SBRE,cité ouvriere,SOCOCE INTERIEUR
Cote d'Ivoire,NORTHDIV,UP COUNTRY,WEST,NORTH 2,Soubre,ISSIA,"Issia & Environs (mira, zobia, commerce, Saioua)",SOCOCE INTERIEUR
Cote d'Ivoire,NORTHDIV,UP COUNTRY,WEST,NORTH 2,San Pedro,MNGA,Monogaga,ETABLISSEMENT LEMRABOTT & FRÈRES
Cote d'Ivoire,NORTHDIV,UP COUNTRY,WEST,NORTH 2,San Pedro,MNGA,Dabiho,ETABLISSEMENT LEMRABOTT & FRÈRES
Cote d'Ivoire,NORTHDIV,UP COUNTRY,WEST,NORTH 2,San Pedro,MNGA,Marche,ETABLISSEMENT LEMRABOTT & FRÈRES
Cote d'Ivoire,NORTHDIV,UP COUNTRY,WEST,NORTH 2,San Pedro,MNGA,Doupoudou,ETABLISSEMENT LEMRABOTT & FRÈRES
Cote d'Ivoire,NORTHDIV,UP COUNTRY,WEST,NORTH 2,San Pedro,GRDMRCH,Grand marche,ETABLISSEMENT LEMRABOTT & FRÈRES
Cote d'Ivoire,NORTHDIV,UP COUNTRY,WEST,NORTH 2,San Pedro,GRDMRCH,Bereby,ETABLISSEMENT LEMRABOTT & FRÈRES
Cote d'Ivoire,NORTHDIV,UP COUNTRY,WEST,NORTH 2,San Pedro,GRDMRCH,Commerce,ETABLISSEMENT LEMRABOTT & FRÈRES
Cote d'Ivoire,NORTHDIV,UP COUNTRY,WEST,NORTH 2,San Pedro,CTE,Cité,ETABLISSEMENT LEMRABOTT & FRÈRES
Cote d'Ivoire,NORTHDIV,UP COUNTRY,WEST,NORTH 2,San Pedro,CTE,Jule Ferry,ETABLISSEMENT LEMRABOTT & FRÈRES
Cote d'Ivoire,NORTHDIV,UP COUNTRY,WEST,NORTH 2,San Pedro,CTE,Lac,ETABLISSEMENT LEMRABOTT & FRÈRES
Cote d'Ivoire,NORTHDIV,UP COUNTRY,WEST,NORTH 2,San Pedro,CTE,Sewke,ETABLISSEMENT LEMRABOTT & FRÈRES
Cote d'Ivoire,NORTHDIV,UP COUNTRY,WEST,NORTH 2,San Pedro,CTE,Bardot,ETABLISSEMENT LEMRABOTT & FRÈRES
Cote d'Ivoire,NORTHDIV,UP COUNTRY,WEST,NORTH 2,San Pedro,JLESFE,Lac,ETABLISSEMENT LEMRABOTT & FRÈRES
Cote d'Ivoire,NORTHDIV,UP COUNTRY,WEST,NORTH 2,San Pedro,JLESFE,Jules ferry,ETABLISSEMENT LEMRABOTT & FRÈRES
Cote d'Ivoire,NORTHDIV,UP COUNTRY,WEST,NORTH 2,San Pedro,JLESFE,Zone industrielle,ETABLISSEMENT LEMRABOTT & FRÈRES
Cote d'Ivoire,NORTHDIV,UP COUNTRY,WEST,NORTH 2,San Pedro,JLESFE,Bardot,ETABLISSEMENT LEMRABOTT & FRÈRES
Cote d'Ivoire,NORTHDIV,UP COUNTRY,WEST,NORTH 2,San Pedro,CRDOR,Corridor,ETABLISSEMENT LEMRABOTT & FRÈRES
Cote d'Ivoire,NORTHDIV,UP COUNTRY,WEST,NORTH 2,San Pedro,CRDOR,Gare,ETABLISSEMENT LEMRABOTT & FRÈRES
Cote d'Ivoire,NORTHDIV,UP COUNTRY,WEST,NORTH 2,San Pedro,CRDOR,Sotref,ETABLISSEMENT LEMRABOTT & FRÈRES
Cote d'Ivoire,NORTHDIV,UP COUNTRY,WEST,NORTH 2,San Pedro,CRDOR,Dafci,ETABLISSEMENT LEMRABOTT & FRÈRES
Cote d'Ivoire,NORTHDIV,UP COUNTRY,WEST,NORTH 2,Gagnoa 2,SLEIL,Zapata,SOCOCE INTERIEUR
Cote d'Ivoire,NORTHDIV,UP COUNTRY,WEST,NORTH 2,Gagnoa 2,SLEIL,Garahio,SOCOCE INTERIEUR
Cote d'Ivoire,NORTHDIV,UP COUNTRY,WEST,NORTH 2,Gagnoa 2,SLEIL,Babre,SOCOCE INTERIEUR
Cote d'Ivoire,NORTHDIV,UP COUNTRY,WEST,NORTH 2,Gagnoa 2,SLEIL,Soleil,SOCOCE INTERIEUR
Cote d'Ivoire,NORTHDIV,UP COUNTRY,WEST,NORTH 2,Gagnoa 2,SLEIL,Dioulabougou,SOCOCE INTERIEUR
Cote d'Ivoire,NORTHDIV,UP COUNTRY,WEST,NORTH 2,Gagnoa 2,CRDORS,Dares salam,SOCOCE INTERIEUR
Cote d'Ivoire,NORTHDIV,UP COUNTRY,WEST,NORTH 2,Gagnoa 2,CRDORS,Grarage Koffi,SOCOCE INTERIEUR
Cote d'Ivoire,NORTHDIV,UP COUNTRY,WEST,NORTH 2,Gagnoa 2,CRDORS,Garage Dosso,SOCOCE INTERIEUR
Cote d'Ivoire,NORTHDIV,UP COUNTRY,WEST,NORTH 2,Gagnoa 2,CRDORS,Corridor Sinfra,SOCOCE INTERIEUR
Cote d'Ivoire,NORTHDIV,UP COUNTRY,WEST,NORTH 2,Gagnoa 2,Ggnoa2,Gagnoa 2,SOCOCE INTERIEUR
Cote d'Ivoire,NORTHDIV,UP COUNTRY,WEST,NORTH 2,Gagnoa 2,Ggnoa2,Guiberoua,SOCOCE INTERIEUR
Cote d'Ivoire,NORTHDIV,UP COUNTRY,WEST,NORTH 2,Gagnoa 2,Ggnoa2,Issia,SOCOCE INTERIEUR
Cote d'Ivoire,NORTHDIV,UP COUNTRY,WEST,NORTH 2,Gagnoa 2,Ggnoa2,Gueyo,SOCOCE INTERIEUR
Cote d'Ivoire,NORTHDIV,UP COUNTRY,WEST,NORTH 2,Gagnoa 1,CMRCE,Commerce,SOMALI-CI
Cote d'Ivoire,NORTHDIV,UP COUNTRY,WEST,NORTH 2,Gagnoa 1,CMRCE,Gbakayo,SOMALI-CI
Cote d'Ivoire,NORTHDIV,UP COUNTRY,WEST,NORTH 2,Gagnoa 1,CMRCE,Galebre,SOMALI-CI
Cote d'Ivoire,NORTHDIV,UP COUNTRY,WEST,NORTH 2,Gagnoa 1,CMRCE,Tchedelei,SOMALI-CI
Cote d'Ivoire,NORTHDIV,UP COUNTRY,WEST,NORTH 2,Gagnoa 1,SLEIL,Soleil,SOMALI-CI
Cote d'Ivoire,NORTHDIV,UP COUNTRY,WEST,NORTH 2,Gagnoa 1,SLEIL,Delbo,SOMALI-CI
Cote d'Ivoire,NORTHDIV,UP COUNTRY,WEST,NORTH 2,Gagnoa 1,SLEIL,Millionnaire,SOMALI-CI
Cote d'Ivoire,NORTHDIV,UP COUNTRY,WEST,NORTH 2,Gagnoa 1,SLEIL,Commerce,SOMALI-CI
Cote d'Ivoire,NORTHDIV,UP COUNTRY,WEST,NORTH 2,Gagnoa 1,GBKY,Dioulabougou,SOMALI-CI
Cote d'Ivoire,NORTHDIV,UP COUNTRY,WEST,NORTH 2,Gagnoa 1,GBKY,Katalina,SOMALI-CI
Cote d'Ivoire,NORTHDIV,UP COUNTRY,WEST,NORTH 2,Gagnoa 1,GBKY,Commerce,SOMALI-CI
Cote d'Ivoire,NORTHDIV,UP COUNTRY,WEST,NORTH 2,Gagnoa 1,GBKY,Gbakayo,SOMALI-CI
Cote d'Ivoire,NORTHDIV,UP COUNTRY,WEST,NORTH 2,Divo,SKOURA,Doukakou,RIDACOM
Cote d'Ivoire,NORTHDIV,UP COUNTRY,WEST,NORTH 2,Divo,SKOURA,Sokoura,RIDACOM
Cote d'Ivoire,NORTHDIV,UP COUNTRY,WEST,NORTH 2,Divo,SKOURA,Commerce,RIDACOM
Cote d'Ivoire,NORTHDIV,UP COUNTRY,WEST,NORTH 2,Divo,SKOURA,Bribore,RIDACOM
Cote d'Ivoire,NORTHDIV,UP COUNTRY,WEST,NORTH 2,Divo,LBANAIS,Konankro,RIDACOM
Cote d'Ivoire,NORTHDIV,UP COUNTRY,WEST,NORTH 2,Divo,LBANAIS,Libanais,RIDACOM
Cote d'Ivoire,NORTHDIV,UP COUNTRY,WEST,NORTH 2,Divo,LBANAIS,Jerusalem,RIDACOM
Cote d'Ivoire,NORTHDIV,UP COUNTRY,WEST,NORTH 2,Divo,LBANAIS,Dialogue 2,RIDACOM
Cote d'Ivoire,NORTHDIV,UP COUNTRY,WEST,NORTH 2,Divo,LBANAIS,Dioulabougou,RIDACOM
Cote d'Ivoire,NORTHDIV,UP COUNTRY,WEST,NORTH 2,Divo,DLOGUE1,Commerce,RIDACOM
Cote d'Ivoire,NORTHDIV,UP COUNTRY,WEST,NORTH 2,Divo,DLOGUE1,Dialogue 1,RIDACOM
Cote d'Ivoire,NORTHDIV,UP COUNTRY,WEST,NORTH 2,Divo,DLOGUE1,Gremian,RIDACOM
Cote d'Ivoire,NORTHDIV,UP COUNTRY,WEST,NORTH 2,Divo,DLOGUE1,Benoi,RIDACOM
Cote d'Ivoire,NORTHDIV,UP COUNTRY,WEST,NORTH 2,Guiglo 1,Giglo1N,Guiglo 1 nord,ETABLISSEMENT EL VALAH SARL
Cote d'Ivoire,NORTHDIV,UP COUNTRY,WEST,NORTH 2,Guiglo 1,Giglo1S,Guiglo 1 sud,ETABLISSEMENT EL VALAH SARL
Cote d'Ivoire,NORTHDIV,UP COUNTRY,WEST,NORTH 2,Guiglo 1,Giglo1DK,Guiglo 1,ETABLISSEMENT EL VALAH SARL
Cote d'Ivoire,NORTHDIV,UP COUNTRY,WEST,NORTH 2,Guiglo 1,Giglo1DK,Duekoué,ETABLISSEMENT EL VALAH SARL
Cote d'Ivoire,NORTHDIV,UP COUNTRY,WEST,NORTH 2,Guiglo 2,Giglo2N,Guiglo 2 Nord,SODISMAF
Cote d'Ivoire,NORTHDIV,UP COUNTRY,WEST,NORTH 2,Guiglo 2,Giglo2S,Guiglo 2 sud,SODISMAF
Cote d'Ivoire,NORTHDIV,UP COUNTRY,WEST,NORTH 2,Guiglo 2,Giglo2TBA,Guiglo 2,SODISMAF
Cote d'Ivoire,NORTHDIV,UP COUNTRY,WEST,NORTH 2,Guiglo 2,Giglo2TBA,Touba,SODISMAF
Cote d'Ivoire,NORTHDIV,UP COUNTRY,WEST,NORTH 2,Odienne,ODNE1,Odiénne 1,BALDE IBRAHIMA
Cote d'Ivoire,NORTHDIV,UP COUNTRY,WEST,NORTH 2,Odienne,ODNE2,Odiénne 2,BALDE IBRAHIMA
Cote d'Ivoire,NORTHDIV,UP COUNTRY,WEST,NORTH 2,Odienne,SMTIGLA,Odiénne,BALDE IBRAHIMA
Cote d'Ivoire,NORTHDIV,UP COUNTRY,WEST,NORTH 2,Odienne,SMTIGLA,Tiémé,BALDE IBRAHIMA
Cote d'Ivoire,NORTHDIV,UP COUNTRY,WEST,NORTH 2,Odienne,SMTIGLA,Madinani,BALDE IBRAHIMA
Cote d'Ivoire,NORTHDIV,UP COUNTRY,WEST,NORTH 2,Odienne,SMTIGLA,Samatiguila,BALDE IBRAHIMA
Cote d'Ivoire,NORTHDIV,UP COUNTRY,CNE,NORTH 1,Bouna,NIBLCAMA,NI3-BLONTIARA,ABDI
Cote d'Ivoire,NORTHDIV,UP COUNTRY,CNE,NORTH 1,Bouna,NIBLCAMA,DOROPO2-DASSIKELE,ABDI
Cote d'Ivoire,NORTHDIV,UP COUNTRY,CNE,NORTH 1,Bouna,NIBLCAMA,BOBOSSO-ZONGO,ABDI
Cote d'Ivoire,NORTHDIV,UP COUNTRY,CNE,NORTH 1,Bouna,NIBLCAMA,commerce,ABDI
Cote d'Ivoire,NORTHDIV,UP COUNTRY,CNE,NORTH 1,Bouna,NIBLCAMA,TEFRO-BOUNA2,ABDI
Cote d'Ivoire,NORTHDIV,UP COUNTRY,CNE,NORTH 1,Bouna,NIBLCAMA,CAMARASSO,ABDI
Cote d'Ivoire,NORTHDIV,UP COUNTRY,CNE,NORTH 1,Bouna,BNGO,BOUNA,ABDI
Cote d'Ivoire,NORTHDIV,UP COUNTRY,CNE,NORTH 1,Bouna,BNGO,BROMAKOTE-VARALE,ABDI
Cote d'Ivoire,NORTHDIV,UP COUNTRY,CNE,NORTH 1,Bouna,BNGO,VARALE-DOROPO,ABDI
Cote d'Ivoire,NORTHDIV,UP COUNTRY,CNE,NORTH 1,Bouna,BNGO,AXE BOUNA-VONKORO,ABDI
Cote d'Ivoire,NORTHDIV,UP COUNTRY,CNE,NORTH 1,Bouna,BNGO,AXE BOUNA- MANGO,ABDI