Distributeur,Portée
RIZKALLAH MICHEL,Territorial
ETABLISSEMENT NIARE & FRERES,Territorial
DYNAMIS,Territorial
TAHIROU,Territorial
SODIAMA,Territorial
IVOIRE DISTRIBUTION MARCHANDISES C.I,Territorial
ABDI,Territorial
PLAISIR BACHUSS,Territorial
PRODISMA,Territorial
BON MARCHE,Territorial
RIDACOM,Territorial
SOMALI-CI,Territorial
ETABLISSEMENT EL VALAH SARL,Territorial
SODISMAF,Territorial
IDMCI,Territorial
ESF KORHOGO,Territorial
ALI BABA CI,Territorial
KAZA DISTRIBUTION,Territorial
BALDE IBRAHIMA,Territorial
BOUSSOURA SARL,Territorial
SDTP,Territorial
ETABLISSEMENT LEMRABOTT & FRÈRES,Territorial
SOCOCE INTERIEUR,Territorial
SIDECOM,Territorial
UP GROUND SALES & MARKETING,Territorial
SODICOM-CI,Territorial
NOUVEAUX DISTRIBUTEURS ASSOCIES,Territorial
LKA SERVICES,Territorial
SDHPA,Territorial
PROSUMA CASH PORT,National
COMPAGNIE DE DISTRIBUTION (C.D.C.I),National
KADERIM SA,National
SOCOCE COTE D'IVOIRE SA,National
SOCOPRIX,National
ADIALEA RCI,National
PROSUMA DIVISION CENTRALE,National
COTE D'IVOIRE SUPERMARCHES,National
CIVADIS,National
Societe des 2 Plateaux - S.2.P,National
